product_id,category_id,product_segment,base_price,quality_score,base_conversion,base_popularity,launch_day
1,12,midrange,34.04,0.502,0.0216,0.0001845318,75
2,9,budget,9.56,0.639,0.0318,0.0001823457,2
3,11,premium,169.03,0.857,0.0269,0.0002802507,126
4,13,budget,5.36,0.394,0.0255,0.0001857243,7
5,11,premium,220.96,0.722,0.0209,0.0002612395,46
6,11,midrange,109.75,0.573,0.0189,0.0001967115,357
7,11,premium,537.12,0.381,0.005,0.0002567427,312
8,5,budget,53.36,0.874,0.0326,0.0002929102,204
9,1,midrange,48.79,0.494,0.0197,0.0003651982,282
10,8,budget,40.55,0.951,0.0365,0.0006367859,178
11,4,midrange,128.98,0.677,0.0218,0.0003231169,219
12,8,budget,15.09,0.636,0.0298,0.0004409281,335
13,14,budget,9.83,0.567,0.0291,0.0001682874,28
14,4,budget,26.08,0.551,0.0244,0.0001826736,128
15,1,budget,28.51,0.863,0.035,0.0001590095,43
16,4,budget,22.74,0.758,0.0323,0.0001597125,290
17,4,midrange,49.31,0.83,0.0314,0.0002418165,300
18,12,budget,51.96,0.566,0.0219,0.0001655938,263
19,11,midrange,23.85,0.446,0.0212,0.0001997688,222
20,13,budget,32.5,0.315,0.0152,0.0002588726,174
21,12,midrange,138.44,0.832,0.0269,0.0002518601,8
22,8,midrange,205.13,0.561,0.0157,0.0001571642,282
23,14,budget,26.46,0.632,0.0272,0.0001534556,326
24,3,midrange,25.51,0.602,0.0263,0.0001788465,352
25,1,premium,442.22,0.573,0.0126,0.0005840109,124
26,2,midrange,131.75,0.763,0.0247,0.0001544106,73
27,12,budget,31.54,0.707,0.0291,0.0001592837,238
28,9,budget,16.11,0.979,0.0415,0.0001944297,6
29,3,midrange,24.04,0.354,0.0179,0.0001693669,21
30,9,budget,18.06,0.68,0.0305,0.0001742105,299
31,3,midrange,46.35,0.297,0.0131,0.0001985964,349
32,12,budget,22.31,0.856,0.0358,0.000799667,147
33,8,midrange,204.25,0.712,0.021,0.0002740805,185
34,7,budget,30.21,0.571,0.0245,0.0001522766,198
35,4,budget,35.03,0.852,0.0337,0.000192222,50
36,11,premium,164.77,0.591,0.0177,0.0002325239,81
37,7,premium,332.63,0.421,0.0086,0.0001775022,108
38,2,premium,268.04,0.604,0.016,0.0005852434,307
39,3,premium,133.55,0.303,0.0086,0.0002646387,159
40,15,budget,8.36,0.923,0.0423,0.0001655024,263
41,14,budget,10.57,0.798,0.0369,0.00015476,70
42,12,budget,11.76,0.82,0.0372,0.0001882865,347
43,4,budget,28.39,0.906,0.0365,0.0003300928,322
44,15,budget,9.28,0.844,0.039,0.0002331766,173
45,13,premium,143.18,0.574,0.0177,0.0001622986,82
46,12,budget,7.68,0.339,0.0221,0.0005775214,356
47,9,budget,33.95,0.53,0.0226,0.0001568253,294
48,4,budget,28.18,0.951,0.0381,0.0002186579,186
49,2,budget,14.79,0.962,0.0412,0.0002304021,97
50,14,budget,7.18,0.826,0.0395,0.0005935012,226
51,9,midrange,254.99,0.403,0.0092,0.0001756471,135
52,4,budget,29.12,0.396,0.0185,0.0002438043,246
53,5,midrange,117.26,0.91,0.0304,0.0001797943,303
54,11,premium,329.76,0.356,0.0064,0.0002244489,178
55,3,midrange,95.01,0.688,0.0235,0.0001552635,17
56,14,midrange,127.42,0.534,0.0168,0.0002471368,205
57,13,budget,10.24,0.477,0.0258,0.0001549538,313
58,12,budget,28.19,0.758,0.0313,0.00019585,81
59,8,budget,15.48,0.97,0.0413,0.0001672145,350
60,11,premium,450.57,0.833,0.0217,0.0003508012,132
61,11,midrange,44.48,0.615,0.0243,0.0001667297,249
62,12,budget,7.12,0.581,0.0309,0.0001759093,256
63,2,budget,51.39,0.931,0.0348,0.0002258942,66
64,8,midrange,218.89,0.684,0.0197,0.0002184504,14
65,1,midrange,36.17,0.622,0.0255,0.0002334038,346
66,9,midrange,278.31,0.762,0.0213,0.0001710057,255
67,6,premium,293.1,0.428,0.0094,0.0003085747,230
68,3,midrange,44.26,0.298,0.0133,0.0003303773,110
69,3,midrange,104.82,0.891,0.0302,0.0001965239,39
70,11,budget,10.25,0.705,0.0338,0.0002255197,99
71,3,budget,12.01,0.374,0.0215,0.0005233993,199
72,15,premium,688.71,0.474,0.0072,0.000243488,253
73,11,midrange,24.65,0.992,0.0401,0.0002068309,116
74,7,budget,15.02,0.726,0.0329,0.0001847928,78
75,11,midrange,36.52,0.727,0.0291,0.0002428411,91
76,1,budget,22.4,0.304,0.0165,0.0002366929,351
77,15,midrange,36.8,0.977,0.0378,0.000504118,230
78,9,budget,14.9,0.92,0.0397,0.0001637482,361
79,13,midrange,75.36,0.661,0.0236,0.0001742219,2
80,2,midrange,35.21,0.482,0.0207,0.0001819469,167
81,9,budget,21.82,0.774,0.033,0.0001571966,166
82,9,budget,39.21,0.875,0.034,0.0006661954,146
83,15,midrange,146.73,0.84,0.0269,0.0003853174,142
84,11,budget,6.72,0.983,0.0452,0.0004232567,28
85,9,budget,51.89,0.728,0.0276,0.0002516247,11
86,4,midrange,146.72,0.491,0.0147,0.0002446601,284
87,6,budget,17.02,0.623,0.0288,0.0002846232,160
88,10,budget,40.56,0.862,0.0334,0.0001920324,59
89,8,budget,42.26,0.449,0.0188,0.0001714937,126
90,1,midrange,71.48,0.424,0.0155,0.000249991,340
91,14,budget,16.43,0.794,0.0349,0.0002290057,170
92,14,budget,23.44,0.583,0.026,0.0004696115,361
93,3,budget,36.28,0.862,0.0339,0.0001790428,58
94,11,budget,17.81,0.358,0.0193,0.00016096,44
95,3,budget,24.71,0.502,0.023,0.0004739518,205
96,12,budget,31.45,0.451,0.0201,0.0001904719,249
97,4,budget,50.31,0.773,0.0293,0.0003233721,358
98,12,budget,48.04,0.819,0.0312,0.0002309924,170
99,12,premium,173.64,0.592,0.0175,0.0002046718,73
100,13,budget,6.61,0.609,0.0322,0.0001964953,197
101,3,budget,15.79,0.349,0.0195,0.0009044972,112
102,14,premium,256.16,0.776,0.0222,0.0003430828,65
103,4,premium,590.03,0.994,0.0261,0.0002843901,32
104,1,midrange,110.24,0.833,0.028,0.000183009,264
105,11,budget,36.28,0.417,0.0183,0.0002051356,234
106,7,budget,14.87,0.717,0.0327,0.0001912724,60
107,14,budget,22.66,0.471,0.0223,0.000828675,203
108,14,budget,7.93,0.273,0.0197,0.0006721292,323
109,5,budget,23.23,0.385,0.0191,0.0002486666,298
110,15,midrange,28.63,0.327,0.0162,0.0005923362,165
111,4,budget,24.75,0.397,0.0193,0.0001792131,20
112,10,midrange,96.15,0.847,0.029,0.0002711343,231
113,4,budget,39.47,0.47,0.0198,0.0002668696,188
114,15,budget,30.31,0.818,0.0331,0.0002136188,336
115,3,midrange,35.49,0.962,0.0375,0.0001831566,201
116,1,premium,87.19,0.681,0.0237,0.0003939295,269
117,8,budget,12.29,0.614,0.0298,0.0003514823,192
118,15,midrange,231.54,0.813,0.0239,0.0001977365,197
119,14,budget,34.2,0.323,0.0153,0.0001680925,115
120,13,budget,9.12,0.571,0.0296,0.0001861357,146
121,14,midrange,31.4,0.624,0.0262,0.0003974888,108
122,14,budget,12.85,0.873,0.0387,0.0002912165,168
123,10,budget,34.95,0.861,0.034,0.0001799682,347
124,5,budget,16.24,0.886,0.0382,0.0002572325,124
125,13,budget,5.42,0.773,0.0387,0.0001599338,169
126,12,budget,15.81,0.648,0.03,0.0002698591,345
127,7,budget,10.84,0.871,0.0394,0.000189974,55
128,2,premium,260.84,0.905,0.0266,0.0002695232,92
129,13,midrange,22.59,0.61,0.0271,0.0002614411,180
130,4,budget,33.83,0.989,0.0386,0.0001630847,149
131,15,budget,23.66,0.906,0.0373,0.0002976186,124
132,4,midrange,54.21,0.633,0.0241,0.0002096083,284
133,3,budget,14.79,0.302,0.0182,0.00108978,182
134,14,midrange,52.48,0.418,0.0167,0.0002507714,132
135,3,midrange,92.83,0.832,0.0287,0.0002141853,174
136,3,budget,33.25,0.333,0.0158,0.0001770963,323
137,11,budget,7.22,0.602,0.0316,0.0002228776,359
138,14,budget,31.66,0.704,0.0289,0.0001724037,88
139,4,budget,37.11,0.909,0.0354,0.0002515138,14
140,5,budget,31.93,0.885,0.0353,0.0003100781,11
141,13,premium,187.33,0.823,0.0252,0.0002505841,162
142,15,budget,16.37,0.556,0.0266,0.0004214834,229
143,9,midrange,31.46,0.357,0.0168,0.0001602928,18
144,3,midrange,139.77,0.752,0.0241,0.0001649578,185
145,1,budget,19.44,0.386,0.0199,0.0004416975,145
146,4,budget,20.18,0.671,0.0297,0.0001536415,340
147,3,budget,14.49,0.986,0.0422,0.0001661612,220
148,12,midrange,25.58,0.663,0.0284,0.0002854679,154
149,3,budget,6.87,0.734,0.0364,0.0002248311,214
150,10,midrange,114.13,0.758,0.0252,0.0001601971,49
151,12,premium,398.99,0.873,0.0236,0.0001571622,173
152,11,midrange,104.31,0.576,0.0192,0.0001688019,120
153,4,premium,741.12,0.623,0.0121,0.0001764685,66
154,14,midrange,66.65,0.382,0.0144,0.0003531068,143
155,12,midrange,140.34,0.711,0.0226,0.0002465105,233
156,13,midrange,18.34,0.472,0.0232,0.0002220404,212
157,3,midrange,73.69,0.631,0.0227,0.0001550673,351
158,3,midrange,77.8,0.825,0.0292,0.0001894454,100
159,15,premium,250.52,0.263,0.0043,0.0002545858,255
160,7,budget,9.51,0.673,0.033,0.0003252509,200
161,4,midrange,47.83,0.38,0.0158,0.0002370924,318
162,9,budget,13.9,0.46,0.0239,0.0001973521,331
163,12,midrange,73.97,0.276,0.0102,0.0004641715,258
164,15,budget,10.76,0.377,0.0221,0.0001551891,154
165,4,midrange,127.28,0.99,0.0328,0.0002464503,194
166,15,midrange,34.38,0.999,0.0389,0.0002311231,237
167,1,premium,92.1,0.79,0.0272,0.0002163766,294
168,11,budget,10.56,0.709,0.0338,0.0001909926,83
169,11,midrange,28.21,0.833,0.034,0.0002043989,318
170,3,midrange,141.76,0.922,0.03,0.0001926738,292
171,3,premium,159.3,0.639,0.0195,0.0001814443,32
172,8,premium,259.74,0.276,0.0046,0.0001972261,98
173,15,midrange,42.06,0.782,0.0304,0.0003542637,86
174,11,midrange,42.07,0.988,0.0377,0.0001910789,211
175,15,budget,27.76,0.444,0.0204,0.0002308164,76
176,14,premium,606.34,0.598,0.0121,0.0001823861,109
177,9,budget,19.43,0.521,0.0247,0.0001536471,69
178,13,midrange,62.47,0.543,0.0203,0.0001730128,24
179,1,midrange,55.06,0.791,0.0296,0.0001600853,167
180,3,budget,26.67,0.534,0.0237,0.0001862426,116
181,14,budget,16.79,0.956,0.0405,0.000157724,184
182,14,budget,9.56,0.842,0.0389,0.0002356821,77
183,4,midrange,140.29,0.271,0.0072,0.0002356882,104
184,10,budget,45.42,0.864,0.033,0.000191537,325
185,11,budget,14.18,0.83,0.0368,0.0001537775,293
186,14,midrange,155.56,0.637,0.0196,0.000334831,97
187,11,budget,32.63,0.623,0.026,0.0002697127,59
188,8,premium,243.38,0.877,0.0259,0.0001871666,355
189,7,budget,31.31,0.569,0.0243,0.0004861141,248
190,8,budget,32.7,0.37,0.0171,0.0001537677,179
191,12,budget,20.62,0.485,0.0231,0.0001873453,255
192,14,budget,15.02,0.449,0.0232,0.0001825312,80
193,9,budget,52.04,0.761,0.0288,0.0001521356,156
194,4,midrange,114.43,0.384,0.0121,0.0002168046,142
195,4,budget,26.5,0.734,0.0308,0.0002538533,263
196,13,budget,5.23,0.599,0.0328,0.0003559432,66
197,14,budget,13.16,0.88,0.0389,0.0002955675,178
198,3,budget,30.19,0.614,0.026,0.000210883,304
199,1,premium,542.86,0.947,0.0248,0.0001679821,71
200,11,budget,6.15,0.925,0.0435,0.0001593895,43
201,3,premium,717.44,0.389,0.004,0.0003284255,299
202,14,budget,28.21,0.765,0.0316,0.0003636794,318
203,5,budget,23.8,0.411,0.0199,0.0002914344,157
204,3,budget,5.07,0.867,0.0422,0.0005391414,16
205,14,budget,16.56,0.727,0.0325,0.0005037111,197
206,3,midrange,18.21,0.471,0.0232,0.0003330541,109
207,4,budget,17.1,0.437,0.0223,0.0002954578,214
208,3,budget,17.2,0.572,0.027,0.0004352507,51
209,3,midrange,120.03,0.851,0.0282,0.0002137922,293
210,1,midrange,41.9,0.847,0.0327,0.000177331,250
211,1,premium,797.08,0.275,0.002,0.0001772922,235
212,3,premium,784.24,0.477,0.0067,0.0003022606,186
213,1,midrange,19.99,0.567,0.0262,0.0003091751,80
214,11,midrange,31.31,0.689,0.0285,0.0001912903,342
215,12,midrange,111.33,0.362,0.0114,0.0001691752,97
216,7,budget,29.47,0.501,0.0222,0.0004370787,133
217,6,midrange,67.85,0.914,0.033,0.0004901424,338
218,10,budget,32.69,0.607,0.0254,0.0001983919,14
219,14,midrange,68.24,0.808,0.0292,0.0001897489,45
220,14,premium,543.6,0.614,0.0131,0.0002048063,278
221,1,budget,24.37,0.599,0.0264,0.0001573518,134
222,3,midrange,19.5,0.716,0.0315,0.0003081246,211
223,4,premium,202.71,0.445,0.0116,0.0001724756,211
224,4,budget,11.72,0.437,0.0239,0.0002800927,302
225,11,midrange,143.57,0.992,0.0323,0.0001976882,226
226,8,premium,1557.43,0.902,0.0185,0.0003019542,155
227,1,premium,677.74,0.803,0.0188,0.0001859135,200
228,7,budget,8.12,0.353,0.0224,0.0002003136,269
229,10,budget,27.68,0.273,0.0144,0.0002506803,138
230,3,midrange,24.37,0.382,0.0188,0.0001585809,62
231,14,budget,11.2,0.953,0.0421,0.0002504316,177
232,1,budget,9.81,0.862,0.0395,0.000160603,364
233,15,budget,43.51,0.642,0.0254,0.0001973699,40
234,3,budget,6.48,0.977,0.0451,0.0002800738,63
235,14,midrange,73.53,0.36,0.0132,0.0002234206,363
236,14,midrange,154.43,0.669,0.0207,0.0002047319,302
237,15,midrange,123.51,0.387,0.0118,0.0002025318,42
238,14,midrange,21.16,0.48,0.0229,0.0002188054,77
239,13,budget,29.5,0.955,0.038,0.0002422252,252
240,12,budget,25.65,0.901,0.0368,0.0001661604,285
241,13,budget,11.88,0.326,0.0199,0.0003349252,267
242,3,budget,18.3,0.437,0.022,0.0002726195,314
243,11,budget,32.63,0.696,0.0285,0.0002127577,184
244,10,budget,22.76,0.296,0.0161,0.0001570665,319
245,14,budget,15.56,0.663,0.0306,0.0001755914,217
246,9,budget,23.2,0.688,0.0298,0.0006094547,173
247,7,midrange,25.08,0.468,0.0217,0.0002078609,232
248,11,midrange,104.31,0.47,0.0155,0.0003990344,156
249,4,premium,186.66,0.422,0.0112,0.0001770406,221
250,3,midrange,38.43,0.952,0.0368,0.0002434004,304
251,9,midrange,72.7,0.542,0.0196,0.0001941762,349
252,8,budget,17.13,0.689,0.0311,0.0002113366,211
253,4,midrange,72.4,0.476,0.0173,0.0003244059,2
254,7,budget,22.28,0.777,0.033,0.0002692132,226
255,7,budget,12.01,0.326,0.0199,0.0002081485,91
256,6,budget,12.17,0.304,0.019,0.0013730547,86
257,7,budget,36.98,0.808,0.0319,0.0002313597,321
258,12,budget,49.65,0.795,0.0302,0.0001957535,162
259,4,midrange,81.89,0.449,0.0158,0.0005367029,288
260,15,midrange,55.99,0.516,0.0199,0.0002243421,134
261,14,midrange,19.73,0.968,0.0402,0.0001822647,221
262,9,midrange,33.7,0.328,0.0155,0.0006296595,242
263,6,midrange,67.91,0.387,0.0145,0.000176726,326
264,11,budget,36.17,0.573,0.0238,0.0001787094,71
265,14,midrange,88.54,0.462,0.0159,0.0001778015,204
266,12,midrange,50.41,0.737,0.0281,0.0001567119,148
267,14,budget,37.5,0.768,0.0304,0.0001612834,169
268,10,budget,20.65,0.645,0.0287,0.0001637764,309
269,11,premium,170.55,0.708,0.0216,0.0001579236,49
270,4,midrange,76.29,0.575,0.0206,0.000199854,199
271,12,budget,10.75,0.82,0.0376,0.000297972,141
272,4,midrange,209.29,0.282,0.0058,0.0001626558,327
273,12,budget,14.53,0.485,0.0246,0.0001730057,78
274,14,budget,20.08,0.763,0.033,0.0004751006,84
275,3,budget,10.61,0.497,0.0264,0.0001948882,33
276,11,budget,34.15,0.309,0.0148,0.0001598675,160
277,2,midrange,102.48,0.509,0.0169,0.0001905938,3
278,12,budget,18.78,0.784,0.034,0.0006056436,182
279,2,midrange,33.4,0.341,0.016,0.000226981,81
280,15,budget,50.4,0.793,0.03,0.0001521134,146
281,3,midrange,53.69,0.832,0.0311,0.0012858784,220
282,15,midrange,51.06,0.726,0.0276,0.0005796224,249
283,14,midrange,122.35,0.433,0.0135,0.0003459094,22
284,11,midrange,20.85,0.854,0.036,0.0001522999,54
285,13,premium,160.28,0.411,0.0115,0.0002435401,115
286,13,budget,13.97,0.929,0.0404,0.0015431831,189
287,15,midrange,57.59,0.78,0.029,0.0001562483,322
288,4,midrange,85.22,0.291,0.0101,0.0005920118,50
289,11,budget,9.46,0.849,0.0392,0.0003135262,24
290,2,budget,9.74,0.63,0.0314,0.000181409,229
291,11,budget,5.98,0.589,0.0319,0.0003423652,357
292,3,budget,6.66,0.565,0.0306,0.0001562861,303
293,11,budget,37.87,0.705,0.0282,0.0001786348,206
294,11,budget,17.7,0.793,0.0346,0.0001554115,7
295,9,midrange,90.99,0.922,0.0319,0.0001859728,210
296,10,budget,18.88,0.455,0.0225,0.0002583606,166
297,13,midrange,74.88,0.723,0.0258,0.00038355,163
298,14,budget,7.09,0.765,0.0374,0.0004706009,179
299,9,midrange,57.01,0.756,0.0282,0.0003219187,204
300,11,budget,20.81,0.62,0.0278,0.0005226524,262
301,15,budget,21.5,0.543,0.025,0.0005197992,70
302,3,budget,22.86,0.822,0.0345,0.0002254844,27
303,3,midrange,115.93,0.475,0.0152,0.0001803777,18
304,2,budget,39.38,0.406,0.0176,0.0011218701,148
305,12,premium,169.69,0.659,0.0199,0.0001632431,185
306,8,budget,11.71,0.451,0.0243,0.0001976498,286
307,13,midrange,22.91,0.275,0.0153,0.0002106827,158
308,12,budget,34.04,0.289,0.0141,0.0002178589,194
309,6,midrange,213.34,0.771,0.0228,0.0002018643,356
310,14,budget,34.42,0.98,0.0382,0.0004071062,273
311,13,budget,8.64,0.591,0.0305,0.0002134436,252
312,4,budget,48.76,0.36,0.015,0.0002972038,132
313,7,budget,18.9,0.864,0.0368,0.0001624492,55
314,5,budget,41.52,0.446,0.0187,0.0012809551,335
315,3,premium,300.76,0.997,0.0292,0.0001904997,202
316,3,budget,6.5,0.672,0.0345,0.0001625613,28
317,15,budget,9.61,0.424,0.0242,0.0002385265,176
318,8,premium,1743.98,0.622,0.0082,0.0001903725,33
319,7,budget,15.13,0.502,0.025,0.0003958141,358
320,12,budget,14.23,0.835,0.037,0.0001946682,192
321,11,midrange,40.48,0.329,0.0148,0.0001585935,286
322,15,premium,327.77,0.893,0.0252,0.0007014308,171
323,13,midrange,125.92,0.826,0.0271,0.0001761517,7
324,9,budget,10.58,0.896,0.0403,0.000185352,233
325,7,premium,130.97,0.921,0.0303,0.000212703,238
326,15,budget,40.2,0.422,0.018,0.0001886042,83
327,12,premium,437.02,0.641,0.0151,0.0001794679,261
328,15,midrange,36.2,0.887,0.0348,0.000169398,82
329,3,premium,79.45,0.533,0.0189,0.0001699678,252
330,14,budget,8.38,0.295,0.0203,0.0002145656,273
331,11,budget,9.39,0.469,0.0259,0.0003306078,50
332,3,midrange,16.66,0.431,0.0222,0.0001701418,106
333,11,budget,8.58,0.903,0.0414,0.0001965839,59
334,12,midrange,118.51,0.598,0.0194,0.0002269116,265
335,1,premium,787.65,0.763,0.0167,0.0004548915,85
336,9,midrange,223.65,0.972,0.0296,0.0001806863,233
337,14,budget,11.7,0.474,0.0252,0.0004245979,152
338,4,budget,17.07,0.821,0.0357,0.0002357911,30
339,9,budget,69.9,0.267,0.0102,0.0002520162,322
340,8,budget,45.9,0.328,0.0142,0.0002600023,259
341,4,budget,26.48,0.371,0.0181,0.0004554036,95
342,14,midrange,31.12,0.484,0.0213,0.0001901527,321
343,13,midrange,31.98,0.552,0.0236,0.0001520285,258
344,3,midrange,50.11,0.608,0.0236,0.0001545019,298
345,15,budget,24.41,0.434,0.0206,0.0004827519,65
346,14,midrange,18.32,0.3,0.0172,0.0001555609,3
347,4,midrange,246.11,0.758,0.0217,0.0001938783,22
348,14,premium,355.3,0.268,0.0029,0.0020141891,196
349,3,midrange,58.93,0.857,0.0316,0.0003049511,287
350,15,midrange,43.44,0.947,0.0361,0.0002614671,333
351,12,budget,32.79,0.783,0.0316,0.000187596,350
352,12,budget,31.01,0.697,0.0288,0.000233651,218
353,2,premium,143.85,0.743,0.0236,0.0002269838,230
354,14,budget,17.69,0.739,0.0327,0.0003356009,105
355,1,budget,21.57,0.949,0.0392,0.000294721,0
356,4,budget,48.3,0.973,0.0365,0.0001775647,71
357,3,budget,7.34,0.57,0.0304,0.000198309,20
358,13,midrange,108.6,0.713,0.0238,0.0001641765,250
359,4,midrange,82.41,0.852,0.0299,0.000160332,183
360,14,budget,6.48,0.251,0.0197,0.0003351016,281
361,12,budget,8.69,0.645,0.0324,0.0002211127,54
362,1,premium,143.4,0.74,0.0235,0.000219113,333
363,1,budget,10.12,0.788,0.0367,0.0003786401,262
364,1,premium,310.78,0.527,0.0126,0.0003221214,330
365,11,budget,25.09,0.472,0.0218,0.0002268138,236
366,14,midrange,26.79,0.387,0.0186,0.0001589425,123
367,4,midrange,264.77,0.668,0.0183,0.000157755,228
368,14,midrange,25.35,0.939,0.0382,0.0001784892,220
369,1,budget,19.16,0.922,0.0388,0.0002133133,66
370,14,premium,887.31,0.52,0.0076,0.0004631348,37
371,15,midrange,170.02,0.443,0.0124,0.0003266263,237
372,13,midrange,65.55,0.842,0.0306,0.0003360446,34
373,12,budget,29.68,0.794,0.0324,0.0001611782,36
374,14,budget,6.99,0.629,0.0327,0.0001556513,26
375,1,budget,5.84,0.542,0.0303,0.0002364547,227
376,4,budget,21.51,0.343,0.018,0.0003977101,338
377,3,budget,5.8,0.839,0.0407,0.0001787166,181
378,10,midrange,63.67,0.713,0.0262,0.0001898409,55
379,13,budget,7.43,0.533,0.029,0.000300447,187
380,11,budget,35.18,0.939,0.0367,0.0006206858,176
381,14,budget,31.41,0.745,0.0304,0.0001668313,216
382,3,budget,25.23,0.947,0.0384,0.002880566,158
383,12,budget,29.59,0.606,0.0258,0.0001680084,194
384,3,midrange,22.65,0.591,0.0264,0.000188412,118
385,4,budget,9.89,0.953,0.0426,0.0002583151,330
386,12,premium,572.84,0.97,0.0254,0.000210979,196
387,15,budget,29.87,0.971,0.0385,0.0001778269,113
388,11,budget,11.69,0.864,0.0388,0.0002099322,1
389,1,premium,292.26,0.597,0.0153,0.000180794,247
390,11,budget,14.87,0.408,0.0218,0.0002092329,138
391,1,budget,9.29,0.538,0.0283,0.0004086166,90
392,14,premium,180.51,0.954,0.03,0.0002540849,174
393,12,premium,311.25,0.523,0.0124,0.0002474492,177
394,3,midrange,60.77,0.818,0.0301,0.0001764012,293
395,2,budget,51.42,0.942,0.0352,0.0005355765,198
396,3,midrange,52.72,0.978,0.0363,0.00067586,255
397,15,premium,816.22,0.961,0.0234,0.0002119806,236
398,9,premium,1131.01,0.666,0.0117,0.0001865602,310
399,13,budget,5.95,0.619,0.0329,0.0001939919,2
400,11,budget,20.7,0.991,0.0408,0.0004808248,137
401,11,budget,14.66,0.414,0.0221,0.000197647,261
402,3,budget,15.35,0.391,0.0211,0.0001525945,51
403,15,midrange,29.7,0.972,0.0386,0.0001597778,161
404,4,budget,55.69,0.767,0.0287,0.0001563447,146
405,11,budget,37.85,0.652,0.0264,0.0002379178,294
406,12,budget,7.07,0.349,0.0228,0.000376682,351
407,12,budget,10.78,0.635,0.0311,0.0001874507,38
408,15,budget,11.77,0.958,0.0421,0.0002237825,78
409,3,budget,23.39,0.702,0.0302,0.0001567963,282
410,10,budget,29.04,0.553,0.0241,0.0002434509,63
411,8,premium,231.32,0.663,0.0187,0.0005777941,181
412,9,budget,48.06,0.915,0.0345,0.000314992,344
413,3,midrange,35.11,0.935,0.0366,0.0005457645,355
414,3,budget,12.26,0.55,0.0276,0.0001936859,346
415,4,budget,19.57,0.706,0.0311,0.0002017816,49
416,5,budget,22.62,0.459,0.0218,0.0002511076,54
417,8,budget,25.63,0.588,0.0258,0.0001671365,64
418,11,budget,9.65,0.415,0.0239,0.0007005025,280
419,11,budget,13.06,0.649,0.0308,0.0002792891,65
420,8,midrange,238.94,0.684,0.0193,0.0001639692,156
421,8,budget,26.83,0.503,0.0226,0.0001869911,298
422,4,budget,56.84,0.454,0.0176,0.0001846604,179
423,11,midrange,61.97,0.363,0.0141,0.0004359132,343
424,5,budget,37.24,0.355,0.016,0.0004855443,182
425,1,budget,10.35,0.784,0.0365,0.0001836775,138
426,8,budget,47.9,0.416,0.0171,0.0003630467,353
427,9,budget,15.88,0.338,0.0191,0.0001776132,199
428,4,budget,9.33,0.999,0.0445,0.0002333587,67
429,11,premium,126.26,0.445,0.0138,0.0001616492,231
430,11,premium,88.07,0.922,0.0321,0.0004482019,282
431,12,premium,1224.15,0.707,0.0127,0.0001852959,306
432,12,budget,52.65,0.786,0.0296,0.0004137849,2
433,12,budget,32.61,0.671,0.0277,0.0002690691,39
434,5,budget,9.84,0.386,0.0228,0.0001836307,229
435,13,budget,28.98,0.885,0.0357,0.0003264035,270
436,11,budget,24.84,0.871,0.0358,0.0001672417,238
437,8,budget,19.03,0.512,0.0244,0.0002520295,139
438,11,budget,15.27,0.823,0.0362,0.000378983,275
439,7,budget,24.34,0.657,0.0285,0.0002477263,211
440,10,budget,9.14,0.932,0.0422,0.0002352772,337
441,12,midrange,70.44,0.852,0.0306,0.0001728361,134
442,14,budget,23.33,0.281,0.0155,0.0002413824,275
443,14,midrange,26.88,0.909,0.0369,0.000401191,52
444,10,budget,21.28,0.976,0.0402,0.0002497718,267
445,10,midrange,93.48,0.807,0.0278,0.0001799712,267
446,14,budget,23.48,0.34,0.0175,0.0001562628,92
447,5,budget,55.23,0.856,0.0318,0.0001731403,22
448,14,budget,29.46,0.736,0.0304,0.0004774222,362
449,9,budget,32.61,0.504,0.0218,0.0002059198,27
450,3,midrange,58.22,0.913,0.0336,0.0001574136,170
451,2,budget,25.27,0.674,0.0289,0.0002346618,0
452,14,budget,16.0,0.89,0.0384,0.0001692814,152
453,1,premium,100.19,0.753,0.0256,0.0008448503,299
454,4,budget,36.63,0.466,0.02,0.0003702264,183
455,6,midrange,138.23,0.981,0.0321,0.0008004498,87
456,3,midrange,49.79,0.678,0.0261,0.0002856738,143
457,5,budget,45.7,0.638,0.025,0.0001692732,33
458,13,budget,18.36,0.553,0.026,0.0001576821,216
459,1,budget,11.89,0.352,0.0208,0.0002379473,1
460,14,midrange,18.56,0.765,0.0334,0.0001570573,127
461,14,budget,6.01,0.573,0.0313,0.0016054513,22
462,7,budget,13.03,0.951,0.0414,0.0001927805,87
463,3,budget,12.29,0.974,0.0424,0.0002992067,24
464,11,premium,128.29,0.826,0.027,0.0002111142,338
465,3,midrange,24.48,0.432,0.0205,0.0002426739,281
466,7,premium,174.67,0.787,0.0243,0.0002488346,338
467,15,midrange,151.66,0.265,0.0067,0.0006324514,249
468,15,midrange,148.62,0.87,0.0279,0.0003569935,181
469,13,budget,10.25,0.62,0.0308,0.000164754,63
470,5,premium,185.45,0.953,0.0298,0.0004735132,351
471,12,budget,8.78,0.533,0.0284,0.0001604457,334
472,12,budget,8.37,0.447,0.0256,0.0001714851,151
473,7,midrange,50.51,0.996,0.0371,0.0002045786,82
474,12,midrange,25.86,0.648,0.0279,0.0001527815,141
475,1,budget,11.22,0.897,0.0401,0.0001628638,143
476,4,budget,62.25,0.933,0.034,0.000152798,334
477,10,budget,24.2,0.639,0.0278,0.0001889748,24
478,3,midrange,98.43,0.592,0.02,0.0001698341,231
479,3,budget,6.29,0.665,0.0343,0.0002323316,280
480,14,midrange,32.04,0.886,0.0353,0.0003656667,278
481,15,budget,55.14,0.973,0.0359,0.0001902475,70
482,11,midrange,42.98,0.496,0.0203,0.000218065,150
483,14,budget,19.7,0.804,0.0345,0.0001543575,124
484,15,premium,1539.49,0.464,0.0032,0.0002102017,148
485,3,budget,14.7,0.708,0.0324,0.000167569,31
486,9,budget,17.25,0.854,0.0368,0.0002045048,30
487,7,budget,18.73,0.915,0.0386,0.0002355944,8
488,2,budget,8.37,0.587,0.0305,0.0021667942,352
489,13,budget,5.94,0.527,0.0297,0.0008112905,152
490,8,midrange,32.99,0.44,0.0195,0.0002128362,83
491,9,premium,1381.41,0.35,0.002,0.0003008029,291
492,3,midrange,70.58,0.524,0.0191,0.0001660993,180
493,3,midrange,31.1,0.904,0.036,0.0002249397,133
494,14,budget,8.33,0.564,0.0297,0.0002402351,41
495,1,midrange,85.63,0.488,0.017,0.000204389,140
496,4,midrange,225.47,0.804,0.0238,0.0001862191,236
497,4,budget,16.39,0.412,0.0216,0.0002721153,227
498,9,premium,321.64,0.442,0.0095,0.0001614226,142
499,11,budget,31.04,0.952,0.0377,0.0002440819,223
500,9,midrange,221.27,0.311,0.0066,0.00015463,280
501,2,premium,1199.73,0.561,0.0077,0.0001541858,339
502,4,midrange,56.93,0.683,0.0256,0.0001697992,192
503,14,budget,6.8,0.423,0.0256,0.0003610776,83
504,11,midrange,48.65,0.461,0.0186,0.0001890387,47
505,12,budget,12.74,0.416,0.0228,0.0002819322,57
506,12,midrange,163.18,0.509,0.0149,0.000240239,3
507,13,budget,5.1,0.924,0.0442,0.0003979399,203
508,1,midrange,76.86,0.574,0.0205,0.000157944,77
509,7,premium,1006.12,0.563,0.0086,0.0005765717,82
510,11,budget,39.72,0.54,0.0222,0.0002046413,264
511,6,budget,31.85,0.973,0.0383,0.0002032545,116
512,14,midrange,143.32,0.338,0.0095,0.0002421289,302
513,9,budget,10.86,0.904,0.0405,0.0004016397,50
514,13,budget,9.77,0.495,0.0266,0.000653396,124
515,14,budget,5.43,0.967,0.0455,0.0001938271,18
516,10,budget,62.85,0.486,0.0183,0.0002036268,195
517,14,midrange,129.21,0.312,0.009,0.000167604,45
518,11,midrange,19.68,0.64,0.0288,0.0002179601,87
519,14,budget,5.53,0.421,0.0263,0.0001638658,268
520,7,budget,13.44,0.815,0.0365,0.000177237,321
521,9,budget,15.7,0.743,0.0333,0.0001650359,199
522,10,budget,47.95,0.765,0.0293,0.0002031762,352
523,3,midrange,22.98,0.395,0.0195,0.0002303458,276
524,7,budget,31.55,0.781,0.0317,0.0002380172,274
525,14,midrange,60.11,0.483,0.0184,0.0002845321,361
526,11,premium,221.31,0.999,0.0306,0.0004751187,32
527,3,midrange,22.24,0.799,0.0338,0.000188451,84
528,6,midrange,256.51,0.693,0.0193,0.000277349,159
529,3,budget,16.83,0.9,0.0385,0.0001859443,225
530,1,budget,13.88,0.692,0.0321,0.0001865863,361
531,15,budget,17.3,0.665,0.0302,0.0004582221,36
532,9,midrange,227.36,0.428,0.0105,0.0002054813,83
533,5,midrange,160.22,0.759,0.0237,0.0001537818,108
534,11,budget,28.46,0.531,0.0234,0.000182556,244
535,1,budget,19.82,0.282,0.0162,0.0002698575,347
536,4,budget,53.67,0.862,0.0322,0.0001913814,342
537,12,midrange,45.17,0.289,0.0129,0.0002404392,272
538,11,midrange,86.85,0.754,0.0263,0.0001668733,282
539,15,midrange,66.38,0.368,0.0139,0.0002246837,151
540,11,premium,393.94,0.574,0.0132,0.0009328453,222
541,9,budget,69.66,0.894,0.0321,0.0001920937,62
542,13,midrange,137.35,0.321,0.009,0.0001744715,184
543,14,midrange,54.83,0.75,0.0282,0.0002523137,106
544,12,budget,22.31,0.709,0.0307,0.000216929,339
545,15,premium,1255.24,0.901,0.0194,0.001266878,134
546,13,budget,34.51,0.38,0.0172,0.0003974011,144
547,14,midrange,98.37,0.85,0.029,0.0001944376,147
548,3,midrange,18.64,0.588,0.0272,0.0002928037,328
549,12,premium,242.88,0.571,0.0153,0.0002347081,340
550,8,budget,59.32,0.521,0.0198,0.0002557783,157
551,11,budget,26.11,0.539,0.024,0.000204813,363
552,12,midrange,119.54,0.64,0.0208,0.0001719042,276
553,15,midrange,118.42,0.33,0.01,0.0001533534,308
554,15,budget,18.91,0.569,0.0264,0.0001977813,334
555,4,midrange,72.51,0.739,0.0265,0.0002133686,121
556,12,budget,35.83,0.624,0.0256,0.0001615068,200
557,13,midrange,30.11,0.374,0.0176,0.0003222445,104
558,7,premium,567.08,0.522,0.0097,0.000181706,113
559,3,budget,20.93,0.582,0.0265,0.0002125826,169
560,1,budget,31.4,0.752,0.0307,0.0003505081,18
561,13,premium,162.71,0.926,0.0295,0.0002032591,78
562,9,midrange,158.62,0.663,0.0204,0.0002731633,295
563,15,premium,161.84,0.757,0.0236,0.000340846,60
564,9,budget,12.31,0.308,0.0191,0.000216963,227
565,15,premium,362.05,0.966,0.0273,0.0001729527,279
566,8,budget,10.89,0.486,0.0259,0.000153616,96
567,13,budget,31.97,0.516,0.0223,0.0002201069,167
568,2,budget,46.13,0.417,0.0173,0.0002929061,320
569,11,midrange,20.6,0.314,0.0171,0.000285415,304
570,14,premium,701.66,0.843,0.02,0.0007446596,335
571,15,midrange,83.5,0.43,0.0151,0.0002673401,229
572,14,midrange,83.12,0.462,0.0162,0.0002233641,323
573,1,budget,34.2,0.386,0.0175,0.0001559888,145
574,7,budget,20.51,0.981,0.0405,0.0002853113,219
575,1,budget,7.24,0.836,0.0398,0.0003098913,243
576,3,budget,4.87,0.947,0.0452,0.000197872,356
577,12,budget,19.11,0.896,0.0379,0.0001632251,134
578,12,midrange,188.38,0.93,0.0289,0.0002575763,319
579,13,midrange,55.56,0.609,0.0232,0.0002606586,185
580,14,midrange,40.34,0.378,0.0165,0.0002102412,38
581,13,budget,5.04,0.495,0.0292,0.0001880739,239
582,14,midrange,132.73,0.469,0.0144,0.0001806804,358
583,1,budget,11.07,0.788,0.0364,0.0001655487,165
584,4,budget,37.11,0.269,0.013,0.0002203441,200
585,11,budget,22.48,0.357,0.0183,0.000154647,338
586,14,budget,8.9,0.762,0.0364,0.0001683236,335
587,1,budget,6.51,0.343,0.0229,0.0001603761,146
588,10,midrange,67.6,0.286,0.011,0.0001847739,277
589,12,budget,13.3,0.332,0.0196,0.0001645591,230
590,1,budget,23.48,0.768,0.0325,0.0001729374,236
591,7,budget,33.46,0.354,0.0165,0.0003316279,262
592,14,midrange,28.98,0.36,0.0173,0.000155974,119
593,12,budget,20.35,0.423,0.021,0.0002090747,111
594,4,budget,9.73,0.813,0.0378,0.0001734586,9
595,14,midrange,28.47,0.4,0.0188,0.0003410668,312
596,7,budget,29.77,0.277,0.0143,0.0001586581,101
597,14,premium,624.6,0.929,0.0236,0.0002782266,246
598,4,budget,42.87,0.907,0.0347,0.0002389178,250
599,11,budget,7.4,0.389,0.024,0.0001853605,256
600,7,budget,19.47,0.449,0.0221,0.0005089305,315
601,4,midrange,75.68,0.391,0.0142,0.0002973018,316
602,14,budget,39.32,0.79,0.031,0.0003915551,0
603,3,premium,395.49,0.438,0.0084,0.0002643334,306
604,2,budget,49.33,0.949,0.0356,0.0003883475,75
605,7,midrange,29.43,0.871,0.0351,0.0002942877,235
606,12,budget,17.41,0.691,0.0311,0.0005813975,245
607,14,budget,25.25,0.257,0.0143,0.0002000418,19
608,15,budget,17.18,0.913,0.0389,0.0002753369,103
609,4,midrange,120.0,0.796,0.0263,0.0005136341,332
610,8,budget,27.32,0.841,0.0344,0.0003118407,51
611,3,premium,948.88,0.304,0.002,0.0003112923,84
612,11,midrange,27.11,0.781,0.0323,0.0001550023,29
613,15,premium,1385.17,0.853,0.0173,0.0003973723,60
614,12,budget,15.77,0.967,0.0412,0.0001864633,232
615,11,midrange,51.74,0.685,0.0261,0.0003283904,307
616,7,midrange,68.3,0.631,0.023,0.0003701391,217
617,14,midrange,31.85,0.569,0.0242,0.0001606826,103
618,9,premium,1697.05,0.776,0.0137,0.000571569,313
619,3,midrange,119.65,0.941,0.0314,0.0001799344,134
620,7,premium,1195.94,0.7,0.0126,0.0002355397,114
621,1,midrange,170.65,0.42,0.0116,0.0001805397,184
622,4,budget,34.58,0.263,0.0131,0.0001526348,49
623,1,midrange,51.5,0.714,0.0272,0.0002000629,130
624,9,budget,51.76,0.898,0.0336,0.0001549634,291
625,11,premium,88.56,0.299,0.0103,0.000191358,222
626,7,midrange,133.74,0.548,0.0171,0.0001814961,360
627,8,budget,26.53,0.955,0.0385,0.0003291766,283
628,15,budget,31.79,0.626,0.0262,0.0002222462,131
629,13,budget,10.06,0.415,0.0237,0.0001672568,279
630,11,budget,11.67,0.515,0.0266,0.0001776424,315
631,4,budget,9.56,0.556,0.0289,0.0002627352,230
632,14,midrange,45.11,0.338,0.0146,0.000162267,278
633,4,midrange,73.33,0.746,0.0267,0.0001732944,183
634,6,midrange,46.94,0.694,0.0269,0.0001544021,332
635,14,budget,8.78,0.736,0.0355,0.0002220317,86
636,10,budget,28.24,0.708,0.0296,0.0002518443,154
637,13,budget,8.99,0.263,0.0188,0.0001573558,92
638,11,premium,715.24,0.381,0.0037,0.0001980292,36
639,12,budget,8.79,0.374,0.0228,0.0025855665,224
640,4,budget,28.72,0.323,0.0161,0.000164052,43
641,4,budget,12.38,0.802,0.0364,0.0008310341,82
642,6,midrange,91.44,0.34,0.0115,0.0002712894,278
643,3,budget,14.75,0.751,0.0339,0.0001642398,87
644,14,midrange,72.91,0.384,0.0141,0.0001895931,315
645,4,midrange,76.47,0.339,0.0123,0.0003348572,17
646,11,midrange,56.68,0.372,0.0148,0.0001690496,166
647,13,budget,6.82,0.631,0.0328,0.0001684348,24
648,13,budget,12.04,0.734,0.0341,0.0001851723,21
649,8,budget,20.66,0.859,0.0362,0.0001790073,288
650,9,budget,35.68,0.346,0.0159,0.0001786974,24
651,15,midrange,70.96,0.712,0.0257,0.0006210864,325
652,12,budget,33.75,0.83,0.0331,0.0003311926,218
653,14,budget,12.58,0.484,0.0252,0.0001747763,176
654,14,budget,8.58,0.31,0.0207,0.0002632754,335
655,13,midrange,28.81,0.367,0.0176,0.0002774699,141
656,3,budget,5.31,0.319,0.0229,0.0001815633,145
657,11,midrange,60.6,0.915,0.0335,0.0019269741,149
658,3,budget,25.84,0.533,0.0238,0.0001892578,237
659,12,premium,772.06,0.643,0.0126,0.0001881678,309
660,15,midrange,71.42,0.827,0.0297,0.0002048698,197
661,10,budget,12.92,0.529,0.0267,0.0002799571,102
662,8,budget,55.49,0.737,0.0276,0.0019803581,324
663,1,budget,6.42,0.308,0.0217,0.000222532,218
664,15,budget,18.3,0.611,0.0281,0.0001785966,303
665,3,budget,27.22,0.322,0.0163,0.0001792878,157
666,1,premium,237.86,0.436,0.0106,0.0002115853,72
667,4,midrange,38.74,0.47,0.0199,0.0001627262,344
668,1,budget,9.79,0.788,0.0369,0.0001895234,247
669,9,midrange,116.15,0.756,0.025,0.0002094009,112
670,10,budget,11.82,0.81,0.0369,0.000950284,309
671,5,premium,647.27,0.296,0.002,0.0030332109,3
672,1,budget,13.85,0.995,0.0427,0.0004319839,339
673,3,midrange,33.67,0.291,0.0142,0.0002466462,211
674,7,midrange,36.3,0.869,0.0341,0.0004049554,215
675,1,budget,30.09,0.805,0.0327,0.0001564774,4
676,12,budget,15.61,0.694,0.0316,0.0001657525,64
677,4,budget,39.72,0.579,0.0236,0.0001634155,263
678,4,premium,420.94,0.818,0.0214,0.0002097343,203
679,7,midrange,26.16,0.805,0.0333,0.0001957014,46
680,8,midrange,85.48,0.353,0.0123,0.0001886571,243
681,1,midrange,58.25,0.844,0.0312,0.0001700591,272
682,3,midrange,44.16,0.309,0.0137,0.0002366438,99
683,14,budget,27.62,0.625,0.0268,0.0001611785,251
684,1,budget,35.89,0.734,0.0294,0.0001541559,355
685,10,midrange,163.43,0.866,0.0274,0.0001817837,176
686,9,budget,30.17,0.597,0.0254,0.0001721877,83
687,6,midrange,94.13,0.428,0.0145,0.0001877229,351
688,8,budget,35.7,0.618,0.0254,0.0001723585,332
689,13,budget,8.46,0.438,0.0252,0.0001903848,166
690,14,midrange,105.82,0.647,0.0216,0.0005049596,155
691,4,budget,50.41,0.597,0.0232,0.00016288,304
692,6,budget,14.72,0.835,0.0368,0.0001715294,0
693,4,budget,55.31,0.43,0.0169,0.0001942224,113
694,9,midrange,200.6,0.4,0.0101,0.0029425633,198
695,12,midrange,59.47,0.606,0.0227,0.000152171,238
696,4,budget,56.0,0.288,0.0119,0.0001852462,229
697,6,budget,10.95,0.422,0.0236,0.000317307,135
698,15,budget,8.66,0.515,0.0278,0.0002339765,317
699,1,premium,211.52,0.616,0.0174,0.0002022633,237
700,9,budget,29.13,0.452,0.0205,0.0001631063,197
701,12,premium,261.7,0.67,0.0184,0.0001568407,342
702,3,premium,833.91,0.909,0.0215,0.0004636566,34
703,1,budget,9.57,0.658,0.0324,0.0002705968,259
704,3,midrange,29.96,0.465,0.0208,0.0001649964,338
705,14,midrange,71.72,0.296,0.0111,0.0001869208,241
706,1,budget,5.77,0.352,0.0237,0.0003406204,206
707,3,budget,20.99,0.671,0.0296,0.0002430083,133
708,1,midrange,43.75,0.763,0.0296,0.0002823625,99
709,3,midrange,138.4,0.287,0.0078,0.0002339028,199
710,11,midrange,84.53,0.389,0.0136,0.0002096171,328
711,4,premium,154.02,0.489,0.0144,0.0001568042,168
712,11,budget,6.69,0.49,0.028,0.0001574623,44
713,11,midrange,22.46,0.969,0.0397,0.0005270625,176
714,14,premium,943.45,0.403,0.0033,0.000316779,35
715,1,budget,22.73,0.297,0.0161,0.0001572238,341
716,14,budget,12.62,0.515,0.0263,0.0002665346,195
717,11,budget,8.31,0.351,0.0222,0.0001886658,78
718,3,midrange,110.1,0.345,0.0109,0.0001639073,228
719,13,budget,7.11,0.556,0.03,0.0001760127,196
720,14,midrange,83.99,0.48,0.0168,0.0004418436,186
721,4,budget,41.76,0.319,0.0143,0.0002563339,216
722,14,budget,9.66,0.703,0.034,0.0001524275,339
723,9,midrange,94.24,0.626,0.0214,0.0002758182,312
724,11,budget,8.7,0.308,0.0205,0.0001521753,95
725,15,premium,327.77,0.897,0.0253,0.000426232,87
726,7,budget,44.84,0.464,0.019,0.000239131,361
727,14,premium,481.74,0.971,0.0262,0.0002445359,235
728,6,budget,47.32,0.949,0.0358,0.0001530843,7
729,14,premium,324.5,0.576,0.0141,0.0001570331,193
730,11,midrange,31.29,0.421,0.0191,0.0002124008,43
731,4,budget,37.72,0.876,0.0342,0.0001784882,10
732,8,budget,26.71,0.521,0.0233,0.0002105064,67
733,6,budget,12.27,0.373,0.0214,0.0001983094,92
734,2,midrange,61.83,0.664,0.0246,0.0003503535,29
735,1,midrange,77.02,0.617,0.022,0.0001625148,304
736,7,budget,28.22,0.888,0.0359,0.0001875994,159
737,1,budget,9.35,0.797,0.0374,0.0001824236,201
738,3,midrange,110.68,0.907,0.0305,0.0003971334,315
739,12,midrange,53.88,0.801,0.03,0.0002370296,305
740,12,midrange,42.46,0.732,0.0286,0.0001715045,299
741,13,budget,7.02,0.625,0.0325,0.0001884898,71
742,5,midrange,154.34,0.991,0.032,0.0001721254,271
743,14,premium,200.21,0.969,0.0301,0.0001972408,363
744,11,budget,14.7,0.887,0.0386,0.0002069779,2
745,3,budget,7.59,0.831,0.0394,0.0002628682,316
746,3,budget,19.3,0.683,0.0304,0.000210478,315
747,12,midrange,130.18,0.445,0.0136,0.0004736935,307
748,3,budget,9.6,0.907,0.0411,0.0002276502,144
749,10,premium,1509.84,0.258,0.002,0.0001683151,72
750,15,midrange,29.19,0.421,0.0194,0.0002533504,267
751,1,midrange,25.57,0.553,0.0246,0.0002274042,227
752,1,midrange,69.61,0.69,0.025,0.0001608257,265
753,15,budget,33.65,0.671,0.0275,0.0001556951,93
754,11,midrange,32.1,0.382,0.0176,0.0001692136,64
755,3,budget,14.79,0.329,0.0191,0.0001898517,329
756,14,midrange,35.78,0.417,0.0184,0.0001592713,188
757,14,premium,336.04,0.512,0.0117,0.0001571874,310
758,11,midrange,78.78,0.261,0.0094,0.0002167853,338
759,11,midrange,156.87,0.769,0.0241,0.0001600381,167
760,4,budget,22.47,0.436,0.0211,0.0006297939,96
761,1,midrange,79.32,0.514,0.0182,0.0002184527,326
762,11,midrange,65.89,0.501,0.0186,0.0001649362,260
763,4,midrange,60.07,0.634,0.0237,0.0009195854,243
764,12,budget,11.69,0.895,0.0399,0.000225576,349
765,14,budget,39.03,0.362,0.0161,0.0004330614,89
766,1,midrange,30.07,0.506,0.0222,0.0002101254,131
767,11,budget,27.28,0.769,0.0319,0.0002005879,14
768,4,midrange,41.26,0.283,0.0131,0.0005845341,141
769,14,midrange,104.09,0.872,0.0296,0.0002742439,162
770,4,premium,217.66,0.971,0.0298,0.000228927,165
771,11,budget,38.97,0.706,0.0281,0.0001969907,55
772,11,premium,492.22,0.967,0.026,0.0002196754,295
773,7,budget,7.69,0.56,0.0299,0.0002592797,178
774,12,budget,28.37,0.561,0.0244,0.0002493265,160
775,12,midrange,88.15,0.33,0.0113,0.0002026212,315
776,11,budget,10.96,0.277,0.0185,0.0001750588,177
777,13,budget,8.01,0.433,0.0253,0.0001691533,325
778,15,budget,34.85,0.609,0.0252,0.0001795422,81
779,8,budget,43.39,0.631,0.025,0.00017324,310
780,10,midrange,59.54,0.413,0.016,0.0001521112,360
781,1,budget,33.47,0.71,0.0289,0.0002272416,273
782,13,budget,8.14,0.386,0.0235,0.0002799269,325
783,10,midrange,33.82,0.495,0.0213,0.0004627204,270
784,8,budget,32.63,0.397,0.0181,0.0010327433,219
785,2,midrange,31.61,0.772,0.0314,0.0003110104,278
786,14,premium,163.8,0.637,0.0193,0.0002016712,350
787,7,midrange,65.17,0.802,0.0292,0.0001819745,220
788,12,premium,221.1,0.293,0.0059,0.0002531461,250
789,3,budget,7.47,0.569,0.0303,0.0003761783,28
790,15,midrange,127.96,0.975,0.0323,0.0002014939,350
791,3,budget,14.59,0.29,0.0178,0.000183947,283
792,4,budget,48.71,0.564,0.0222,0.0003414061,58
793,14,midrange,63.75,0.28,0.011,0.0001540369,105
794,14,budget,14.13,0.36,0.0204,0.0003310716,82
795,4,premium,264.69,0.597,0.0158,0.000165331,116
796,9,midrange,177.11,0.368,0.0096,0.0001602572,323
797,12,premium,175.35,0.639,0.0191,0.0002319726,169
798,14,budget,8.69,0.942,0.0428,0.0004113965,153
799,7,budget,34.96,0.4,0.0179,0.0001996775,284
800,10,midrange,147.86,0.33,0.0091,0.0002330389,135
801,13,budget,16.28,0.869,0.0376,0.0005582441,323
802,12,midrange,25.49,0.595,0.0261,0.0001683728,275
803,13,midrange,20.88,0.912,0.038,0.000223373,93
804,11,premium,304.01,0.48,0.011,0.0003051504,230
805,3,midrange,83.24,0.721,0.0253,0.0002923045,176
806,14,budget,13.59,0.942,0.0409,0.0002460863,125
807,14,budget,5.52,0.379,0.0248,0.0001696116,330
808,14,midrange,26.65,0.851,0.0348,0.0001860376,145
809,3,budget,15.87,0.724,0.0326,0.0001574806,42
810,4,budget,36.33,0.86,0.0338,0.0002792678,149
811,13,budget,5.07,0.378,0.0251,0.0001602026,188
812,1,budget,6.25,0.576,0.0312,0.0001525873,46
813,15,budget,13.86,0.347,0.02,0.0001732069,271
814,7,budget,7.59,0.97,0.0443,0.0002015554,83
815,12,midrange,76.98,0.297,0.0108,0.0001682214,33
816,14,budget,6.84,0.299,0.0212,0.0002540697,196
817,7,midrange,88.84,0.924,0.0321,0.0001789721,58
818,6,budget,41.14,0.476,0.0198,0.0001987053,285
819,11,premium,1028.58,0.698,0.0132,0.0002804243,24
820,11,budget,37.52,0.466,0.0199,0.0001895633,152
821,8,midrange,59.21,0.737,0.0273,0.0002099235,18
822,11,budget,5.89,0.394,0.0251,0.000177576,139
823,15,budget,15.9,0.594,0.0281,0.0002077442,340
824,9,budget,38.86,0.65,0.0262,0.0001652974,237
825,4,midrange,34.1,0.5,0.0215,0.0001607633,195
826,7,premium,244.29,0.439,0.0106,0.0007262608,57
827,7,budget,11.69,0.355,0.021,0.000257326,114
828,3,budget,7.54,0.78,0.0376,0.000261791,138
829,3,midrange,76.2,0.376,0.0136,0.0001807008,211
830,12,midrange,99.58,0.469,0.0157,0.0001850235,75
831,6,budget,25.28,0.503,0.0229,0.0002691868,364
832,15,midrange,201.92,0.591,0.0168,0.00030573,237
833,4,budget,11.04,0.777,0.036,0.0001571907,113
834,3,midrange,22.44,0.571,0.0258,0.000165135,41
835,13,budget,10.26,0.903,0.0407,0.0001714238,217
836,14,budget,20.0,0.76,0.0329,0.0002487354,163
837,4,budget,29.1,0.879,0.0354,0.0005113622,245
838,4,midrange,35.18,0.787,0.0314,0.0003100994,217
839,3,budget,33.41,0.361,0.0167,0.0002668767,233
840,10,midrange,56.71,0.983,0.0362,0.0001569318,304
841,9,midrange,68.39,0.84,0.0303,0.0001759605,191
842,4,midrange,117.69,0.68,0.0223,0.0005042924,264
843,1,budget,38.46,0.374,0.0165,0.0001555521,131
844,9,budget,35.44,0.38,0.0171,0.0003323822,344
845,15,budget,56.06,0.711,0.0267,0.0001657014,148
846,12,midrange,35.34,0.562,0.0235,0.0002109402,248
847,9,premium,694.65,0.757,0.017,0.0001546326,364
848,3,budget,25.74,0.529,0.0237,0.0003572994,127
849,4,premium,502.88,0.635,0.0142,0.0001801635,37
850,4,budget,18.61,0.391,0.0203,0.0004059689,84
851,13,budget,34.45,0.366,0.0168,0.0002362307,88
852,14,budget,7.09,0.307,0.0213,0.000721147,20
853,14,midrange,43.85,0.865,0.0332,0.0003399755,198
854,15,budget,47.58,0.667,0.0259,0.0001526801,101
855,15,budget,50.25,0.96,0.0359,0.0001991921,35
856,15,midrange,235.29,0.812,0.0238,0.0002855849,49
857,2,midrange,174.58,0.827,0.0257,0.0002249784,99
858,3,budget,5.37,0.632,0.0338,0.0004686872,134
859,5,budget,51.5,0.862,0.0323,0.0002024324,355
860,11,budget,13.15,0.957,0.0416,0.0002690144,256
861,2,budget,27.86,0.791,0.0326,0.000169614,260
862,14,budget,11.8,0.329,0.02,0.0002964036,252
863,11,midrange,110.58,0.738,0.0246,0.0001965306,293
864,11,budget,17.71,0.34,0.0187,0.0001746034,116
865,3,midrange,103.51,0.308,0.0099,0.0002964667,36
866,4,budget,13.25,0.77,0.035,0.0006845112,185
867,3,budget,7.03,0.876,0.0413,0.000179157,0
868,14,budget,12.95,0.369,0.0211,0.0001565062,79
869,11,budget,5.6,0.306,0.0222,0.0001740328,274
870,12,budget,28.36,0.915,0.0368,0.0001647645,183
871,4,budget,16.29,0.349,0.0194,0.0004050099,252
872,7,premium,407.55,0.276,0.0026,0.0003039176,186
873,8,midrange,37.87,0.791,0.0312,0.0001666335,198
874,13,budget,6.68,0.886,0.0418,0.0004789242,109
875,13,midrange,62.04,0.636,0.0236,0.0002781569,79
876,4,midrange,58.52,0.655,0.0245,0.0005987871,94
877,15,midrange,43.75,0.503,0.0205,0.0001781627,291
878,3,budget,7.68,0.429,0.0253,0.0002439619,357
879,14,budget,8.22,0.816,0.0386,0.000218685,29
880,3,budget,16.99,0.887,0.038,0.0001926551,196
881,4,budget,12.57,0.491,0.0254,0.0001621097,171
882,14,budget,11.08,0.455,0.0247,0.0002212431,205
883,3,premium,431.7,0.451,0.0085,0.0001708977,85
884,8,premium,552.81,0.288,0.002,0.0002953275,2
885,9,budget,31.06,0.461,0.0205,0.0008939382,74
886,4,budget,14.87,0.269,0.017,0.000278872,66
887,12,budget,45.98,0.841,0.0321,0.000154565,19
888,14,budget,12.28,0.442,0.0238,0.0001914389,130
889,14,midrange,33.4,0.768,0.0309,0.0001817914,249
890,6,budget,53.15,0.657,0.025,0.0002530023,352
891,10,midrange,122.42,0.878,0.0291,0.0004799858,239
892,4,premium,659.93,0.97,0.0247,0.000671933,63
893,4,midrange,209.79,0.525,0.0143,0.0002507944,132
894,3,midrange,18.37,0.316,0.0177,0.0001972915,110
895,15,midrange,171.96,0.812,0.0252,0.0002142999,77
896,14,budget,20.9,0.266,0.0154,0.0001866366,361
897,13,budget,9.78,0.417,0.0239,0.0001811382,239
898,10,midrange,50.95,0.29,0.0124,0.0001901456,175
899,9,budget,11.51,0.924,0.041,0.0001543701,159
900,10,midrange,229.39,0.254,0.0044,0.0002369203,116
901,11,budget,7.39,0.62,0.0321,0.0004822349,152
902,8,budget,16.43,0.568,0.027,0.0006491813,231
903,3,budget,19.5,0.74,0.0323,0.0001991565,338
904,3,premium,457.33,0.467,0.0088,0.0001707875,181
905,15,budget,11.32,0.905,0.0404,0.0001796229,67
906,9,budget,48.08,0.801,0.0305,0.0002246945,349
907,15,budget,22.89,0.574,0.0258,0.0002081885,114
908,3,midrange,104.18,0.519,0.0172,0.0001672151,30
909,11,premium,104.39,0.862,0.0292,0.0001931198,198
910,4,budget,9.78,0.818,0.0379,0.0002816606,288
911,4,premium,700.52,0.549,0.0097,0.00016871,94
912,1,budget,7.75,0.506,0.028,0.0001732304,101
913,3,midrange,51.18,0.279,0.012,0.0002260293,105
914,14,budget,5.49,0.311,0.0225,0.0003875964,294
915,6,budget,41.37,0.29,0.0133,0.0001993018,349
916,11,midrange,133.54,0.268,0.0073,0.0001634516,309
917,9,midrange,196.3,0.365,0.009,0.0001634108,82
918,7,budget,44.24,0.893,0.0341,0.0001956387,309
919,10,midrange,211.02,0.849,0.0256,0.0008296245,113
920,3,premium,229.53,0.884,0.0265,0.0005769353,316
921,15,budget,18.27,0.718,0.0318,0.0002467303,361
922,14,midrange,127.36,0.718,0.0233,0.0002753627,262
923,13,midrange,121.02,0.343,0.0104,0.0002032291,348
924,9,budget,66.2,0.774,0.0282,0.0003364625,51
925,3,premium,531.69,0.46,0.0078,0.0001608034,239
926,14,budget,8.01,0.639,0.0325,0.0004660572,18
927,7,midrange,170.51,0.966,0.0307,0.0001792115,238
928,1,budget,38.61,0.903,0.035,0.0003523595,124
929,7,budget,24.55,0.425,0.0203,0.0002698511,354
930,13,midrange,103.85,0.802,0.0272,0.000189562,180
931,11,midrange,63.5,0.328,0.0127,0.0002074022,278
932,13,midrange,125.68,0.27,0.0077,0.0002309953,110
933,13,premium,90.62,0.271,0.0092,0.0002186143,27
934,4,budget,51.14,0.378,0.0154,0.000543964,270
935,15,budget,9.16,0.771,0.0366,0.0002619234,80
936,8,budget,19.29,0.522,0.0247,0.0001708439,263
937,11,budget,7.29,0.262,0.0197,0.0005801754,169
938,1,budget,15.04,0.991,0.0422,0.0002061523,354
939,15,midrange,45.47,0.65,0.0255,0.0001636157,128
940,4,midrange,242.18,0.545,0.0144,0.0001632618,146
941,1,budget,17.68,0.639,0.0292,0.0001837433,270
942,9,budget,56.9,0.64,0.0241,0.0001523245,286
943,3,midrange,29.75,0.603,0.0257,0.0002116922,45
944,3,budget,5.1,0.71,0.0367,0.0001525639,270
945,11,budget,26.49,0.914,0.0371,0.0001830901,179
946,7,budget,26.41,0.476,0.0218,0.0001962508,360
947,15,budget,24.58,0.615,0.0269,0.0001942094,230
948,6,budget,44.43,0.253,0.0117,0.0003904332,282
949,12,midrange,148.21,0.895,0.0288,0.0001542314,125
950,9,budget,30.48,0.479,0.0213,0.0002483686,103
951,12,midrange,195.42,0.453,0.0121,0.0001562906,286
952,11,budget,23.67,0.998,0.0405,0.0003427373,5
953,9,premium,807.39,0.688,0.014,0.0001633752,211
954,15,budget,16.96,0.342,0.019,0.0002128937,353
955,7,budget,6.44,0.449,0.0267,0.0002945058,361
956,3,budget,7.87,0.515,0.0282,0.0003512385,261
957,12,budget,32.72,0.99,0.0388,0.0003259917,181
958,14,budget,22.29,0.573,0.0259,0.0002062932,296
959,1,midrange,39.51,0.423,0.0181,0.000438345,5
960,9,budget,32.88,0.677,0.0279,0.0003433093,289
961,14,budget,7.9,0.554,0.0295,0.0005793809,69
962,13,budget,8.06,0.291,0.0203,0.0002443514,268
963,15,midrange,218.85,0.896,0.0271,0.0002706945,127
964,10,midrange,71.92,0.262,0.0099,0.000186193,274
965,12,midrange,40.09,0.924,0.0356,0.000177948,220
966,4,midrange,87.19,0.844,0.0294,0.000153967,339
967,15,midrange,63.88,0.307,0.012,0.0002004336,287
968,7,midrange,106.21,0.793,0.0267,0.0002161888,333
969,13,budget,32.91,0.828,0.0331,0.0001675492,55
970,8,midrange,119.17,0.702,0.023,0.0001588873,138
971,11,midrange,67.82,0.683,0.0249,0.0002078636,159
972,12,budget,14.64,0.287,0.0177,0.0002359302,11
973,10,midrange,100.31,0.295,0.0095,0.0016199759,8
974,14,budget,10.15,0.795,0.037,0.0003042906,14
975,8,budget,9.76,0.329,0.0208,0.0001552932,280
976,12,budget,40.2,0.431,0.0184,0.0002064438,163
977,7,midrange,54.93,0.624,0.0237,0.0001556,274
978,8,premium,522.76,0.373,0.0049,0.0001760101,304
979,8,budget,11.53,0.842,0.0381,0.0001835847,13
980,3,budget,26.17,0.856,0.0351,0.0002523855,309
981,2,budget,10.56,0.882,0.0398,0.0003413924,82
982,12,budget,16.06,0.287,0.0173,0.0002015231,147
983,12,premium,928.31,0.571,0.0092,0.0001943074,351
984,12,budget,17.66,0.885,0.0378,0.0002246219,110
985,1,budget,37.39,0.522,0.0219,0.0001728489,343
986,6,budget,13.1,0.772,0.0351,0.0001827898,184
987,4,premium,857.9,0.692,0.0138,0.0002377504,4
988,13,budget,33.98,0.51,0.0219,0.0001756595,303
989,14,midrange,59.47,0.457,0.0175,0.0001563421,16
990,4,budget,36.18,0.74,0.0296,0.0001851259,232
991,12,budget,15.5,0.35,0.0196,0.0001795893,167
992,3,midrange,84.16,0.895,0.0313,0.0001721557,51
993,4,budget,55.99,0.682,0.0257,0.0001545668,187
994,3,midrange,75.69,0.334,0.0121,0.0007766954,132
995,4,budget,59.12,0.778,0.0288,0.000170319,35
996,12,midrange,85.3,0.573,0.02,0.0002451984,202
997,14,midrange,63.18,0.403,0.0154,0.0001830715,16
998,4,midrange,58.39,0.971,0.0356,0.0004860181,196
999,11,budget,23.19,0.79,0.0333,0.0001597644,82
1000,12,midrange,162.49,0.695,0.0214,0.000431805,303
1001,15,premium,655.18,0.887,0.0218,0.0001562228,346
1002,11,budget,8.88,0.658,0.0327,0.0003863573,340
1003,4,budget,26.85,0.581,0.0254,0.0002981081,342
1004,11,midrange,97.41,0.392,0.0131,0.0002130268,36
1005,6,budget,57.04,0.365,0.0145,0.0002614718,186
1006,15,midrange,38.5,0.574,0.0235,0.0001610452,81
1007,7,midrange,28.29,0.592,0.0255,0.0002314675,35
1008,12,budget,16.13,0.8,0.0352,0.0003724539,143
1009,1,midrange,25.16,0.582,0.0257,0.0010788004,156
1010,7,midrange,184.33,0.695,0.0208,0.000157432,108
1011,14,budget,12.54,0.874,0.0389,0.0002561205,41
1012,11,premium,331.7,0.995,0.0287,0.0001751866,149
1013,8,budget,15.39,0.492,0.0246,0.0001802803,56
1014,15,budget,20.24,0.926,0.0387,0.0001890942,14
1015,14,midrange,154.7,0.855,0.0272,0.0002196958,164
1016,6,budget,23.0,0.301,0.0162,0.0006131448,24
1017,11,midrange,18.87,0.501,0.0241,0.0001637074,352
1018,9,budget,15.2,0.414,0.022,0.0002594833,306
1019,11,budget,39.86,0.748,0.0295,0.0001540807,337
1020,6,budget,63.05,0.666,0.0246,0.0002219023,37
1021,4,midrange,47.48,0.621,0.0243,0.0001624627,169
1022,14,midrange,68.7,0.823,0.0297,0.0002232976,300
1023,15,midrange,32.32,0.5,0.0217,0.0002583064,210
1024,14,premium,357.0,0.537,0.0123,0.0002002513,111
1025,15,midrange,35.99,0.899,0.0352,0.0001883991,303
1026,13,midrange,95.4,0.979,0.0337,0.0002097064,112
1027,13,budget,31.45,0.832,0.0335,0.0001888117,355
1028,13,premium,111.21,0.413,0.0132,0.0003310882,36
1029,9,midrange,85.89,0.334,0.0116,0.0002625227,257
1030,9,premium,182.15,0.407,0.0108,0.0002156067,4
1031,4,budget,17.76,0.567,0.0267,0.0002258483,333
1032,12,budget,8.0,0.428,0.0251,0.000192219,129
1033,4,midrange,53.47,0.926,0.0344,0.0001631385,7
1034,4,budget,65.96,0.753,0.0274,0.0001694813,304
1035,11,budget,6.07,0.563,0.0309,0.0002059043,353
1036,8,premium,1352.12,0.455,0.0035,0.0001582505,335
1037,4,budget,10.48,0.535,0.0278,0.0004558892,177
1038,14,budget,15.48,0.607,0.0286,0.0002932391,22
1039,14,budget,13.26,0.785,0.0355,0.0002715403,83
1040,3,budget,31.65,0.317,0.0154,0.0002722775,11
1041,1,midrange,29.56,0.887,0.0356,0.0001584336,16
1042,6,premium,205.31,0.346,0.0081,0.0002002133,57
1043,14,premium,556.33,0.447,0.0072,0.0004314472,205
1044,14,midrange,87.57,0.995,0.0347,0.0002364151,279
1045,3,midrange,75.05,0.393,0.0143,0.0002573284,213
1046,13,budget,4.99,0.326,0.0233,0.0055714163,74
1047,3,midrange,28.59,0.729,0.0303,0.0001572523,219
1048,7,budget,34.84,0.545,0.023,0.0001685643,84
1049,15,budget,27.48,0.319,0.0161,0.0001718188,168
1050,3,premium,345.77,0.253,0.0025,0.0002131802,324
1051,3,premium,156.4,0.309,0.0081,0.0008587432,49
1052,8,budget,16.46,0.642,0.0296,0.0001878514,319
1053,11,midrange,148.08,0.423,0.0123,0.0006118899,98
1054,15,budget,35.48,0.833,0.033,0.0001533706,244
1055,15,budget,10.57,0.893,0.0402,0.000270228,95
1056,1,budget,37.89,0.359,0.0161,0.0003628365,59
1057,3,budget,15.66,0.503,0.0249,0.0001717227,164
1058,13,midrange,32.84,0.36,0.0167,0.0001738365,139
1059,4,budget,19.97,0.465,0.0226,0.0003346819,185
1060,14,budget,23.0,0.429,0.0207,0.0001961527,86
1061,12,budget,14.98,0.84,0.0369,0.0002065084,357
1062,3,premium,325.39,0.509,0.0118,0.000238106,245
1063,14,midrange,84.69,0.622,0.0217,0.0001961374,306
1064,3,premium,120.54,0.755,0.0248,0.0002450584,284
1065,8,budget,65.3,0.867,0.0315,0.0001685887,264
1066,11,midrange,40.47,0.476,0.0199,0.0005423638,51
1067,9,midrange,78.09,0.407,0.0146,0.0004584957,214
1068,12,budget,28.68,0.984,0.0392,0.000194448,327
1069,12,budget,23.94,0.49,0.0227,0.0001620515,35
1070,15,budget,19.88,0.753,0.0327,0.0001901529,168
1071,15,budget,30.32,0.758,0.031,0.0001765297,67
1072,10,budget,53.67,0.636,0.0242,0.0001638514,290
1073,2,budget,37.59,0.421,0.0183,0.0002233246,339
1074,12,budget,36.95,0.356,0.0161,0.0001914257,18
1075,15,midrange,48.16,0.615,0.024,0.0002332898,292
1076,6,budget,20.01,0.633,0.0285,0.0001946655,131
1077,9,budget,28.46,0.83,0.0338,0.0008856611,351
1078,8,midrange,35.78,0.782,0.0312,0.0001564663,5
1079,1,budget,27.01,0.934,0.0377,0.0003225473,69
1080,12,budget,13.47,0.978,0.0422,0.0001931352,262
1081,7,budget,11.34,0.796,0.0365,0.0001575856,284
1082,13,budget,7.99,0.307,0.0209,0.0002764955,28
1083,14,budget,9.44,0.554,0.0288,0.0001969236,58
1084,14,budget,10.54,0.707,0.0337,0.0002881566,123
1085,8,budget,32.95,0.693,0.0284,0.0002326924,12
1086,6,premium,584.45,0.386,0.0048,0.0003667935,285
1087,13,premium,137.79,0.687,0.0219,0.0001986534,244
1088,14,budget,8.08,0.512,0.028,0.000608461,273
1089,9,budget,49.28,0.504,0.02,0.0001939223,171
1090,14,budget,6.43,0.876,0.0416,0.0001542157,233
1091,3,midrange,49.83,0.566,0.0221,0.0017943635,209
1092,14,midrange,55.8,0.646,0.0244,0.0001950976,253
1093,2,budget,23.83,0.672,0.0291,0.000181319,164
1094,3,budget,28.86,0.672,0.0282,0.000170213,237
1095,10,budget,30.59,0.41,0.0188,0.0001879762,235
1096,1,premium,1069.8,0.7,0.0131,0.0002123116,234
1097,1,premium,820.81,0.501,0.0073,0.0001864337,318
1098,1,budget,8.83,0.741,0.0357,0.0002185246,127
1099,8,midrange,55.17,0.359,0.0144,0.0001909201,320
1100,13,budget,9.49,0.996,0.0443,0.0002267024,10
1101,1,midrange,45.12,0.829,0.0318,0.0001593999,177
1102,12,premium,441.1,0.563,0.0123,0.000166582,161
1103,14,budget,8.52,0.476,0.0265,0.0001782786,316
1104,3,budget,7.58,0.541,0.0293,0.0001857481,16
1105,3,midrange,37.33,0.791,0.0313,0.0001850013,79
1106,14,budget,20.66,0.742,0.0321,0.0002286816,171
1107,14,midrange,80.63,0.777,0.0274,0.0014136322,297
1108,11,budget,39.68,0.917,0.0354,0.0001850475,169
1109,14,premium,135.14,0.592,0.0186,0.0005310426,233
1110,2,budget,16.54,0.752,0.0334,0.0003302299,65
1111,7,budget,44.8,0.581,0.0231,0.0003694644,344
1112,13,budget,19.02,0.729,0.032,0.0001897589,286
1113,4,budget,29.58,0.606,0.0258,0.0002424671,15
1114,13,budget,14.05,0.832,0.0369,0.0002863326,257
1115,10,midrange,34.25,0.254,0.0129,0.0001662387,47
1116,13,budget,28.66,0.412,0.0192,0.0004081378,204
1117,9,budget,32.88,0.472,0.0207,0.0001845053,258
1118,7,budget,20.3,0.959,0.0398,0.0001714965,337
1119,4,budget,26.6,0.63,0.0271,0.000342843,25
1120,4,premium,371.3,0.523,0.0117,0.0003182891,104
1121,13,premium,137.42,0.553,0.0172,0.0002651454,251
1122,3,budget,22.19,0.589,0.0265,0.0001519778,95
1123,2,midrange,76.54,0.901,0.032,0.0002167037,260
1124,3,midrange,17.4,0.972,0.0409,0.0001675506,66
1125,3,premium,204.32,0.883,0.0269,0.0001666554,59
1126,14,budget,34.64,0.881,0.0348,0.0004059919,198
1127,7,budget,13.63,0.399,0.0219,0.000177868,251
1128,15,budget,18.83,0.452,0.0224,0.0002329363,74
1129,3,midrange,63.61,0.697,0.0256,0.0001836742,318
1130,12,midrange,136.22,0.742,0.0238,0.0001808601,317
1131,9,budget,35.85,0.402,0.0178,0.0002111403,29
1132,7,budget,35.56,0.81,0.0321,0.0001690732,111
1133,14,midrange,22.84,0.4,0.0197,0.00059948,202
1134,15,midrange,208.15,0.447,0.0116,0.0001840931,179
1135,14,budget,32.96,0.48,0.0209,0.0003979777,93
1136,3,midrange,50.53,0.884,0.0332,0.0001859397,193
1137,4,budget,31.58,0.799,0.0323,0.0002104922,351
1138,12,budget,10.78,0.648,0.0316,0.0001541922,112
1139,4,midrange,80.0,0.865,0.0305,0.0002595916,79
1140,12,midrange,36.53,0.86,0.0338,0.0004309298,269
1141,11,premium,88.14,0.542,0.0188,0.0003832073,208
1142,11,budget,40.06,0.836,0.0325,0.0002380307,252
1143,14,budget,8.99,0.405,0.0238,0.0001633066,235
1144,12,budget,23.19,0.627,0.0276,0.0002386723,277
1145,1,budget,10.49,0.339,0.0209,0.0001827702,266
1146,1,budget,12.09,0.57,0.0284,0.0001888444,221
1147,11,budget,12.37,0.64,0.0307,0.0004315335,165
1148,9,budget,18.31,0.31,0.0175,0.0002553004,167
1149,4,budget,32.4,0.597,0.0251,0.0002025508,96
1150,8,budget,67.53,0.739,0.0268,0.0008435897,163
1151,13,midrange,40.49,0.711,0.0281,0.0001679471,220
1152,14,budget,37.91,0.291,0.0137,0.0002010138,261
1153,11,midrange,80.26,0.322,0.0115,0.0001639352,282
1154,7,premium,463.7,0.514,0.0103,0.0003518383,137
1155,4,midrange,50.34,0.882,0.0331,0.0001608408,267
1156,10,budget,9.88,0.902,0.0408,0.0004491841,159
1157,5,budget,44.03,0.482,0.0197,0.0001907863,130
1158,11,midrange,65.31,0.789,0.0287,0.0001585289,59
1159,12,budget,16.18,0.683,0.0311,0.0001679941,97
1160,1,budget,29.41,0.988,0.0392,0.0002607716,248
1161,1,budget,10.71,0.321,0.0202,0.000168823,78
1162,4,midrange,167.26,0.661,0.0201,0.0001863598,28
1163,14,budget,10.33,0.694,0.0334,0.0001736669,99
1164,12,midrange,177.0,0.481,0.0135,0.0003313408,361
1165,3,budget,8.31,0.285,0.0199,0.0002324132,54
1166,14,budget,7.04,0.289,0.0207,0.0003377651,52
1167,9,midrange,144.07,0.59,0.0183,0.0001586276,147
1168,9,budget,12.94,0.769,0.0351,0.0001821364,139
1169,15,midrange,219.79,0.775,0.0228,0.0001580168,335
1170,1,budget,21.46,0.386,0.0195,0.0001956028,86
1171,4,budget,14.28,0.893,0.039,0.0001783586,152
1172,11,premium,143.01,0.533,0.0163,0.0001525957,106
1173,4,budget,57.7,0.973,0.0357,0.0001695204,91
1174,12,budget,23.89,0.339,0.0174,0.0001718338,117
1175,4,premium,1362.21,0.877,0.0182,0.0002333882,93
1176,3,midrange,20.57,0.931,0.0388,0.0001539607,262
1177,4,midrange,228.39,0.867,0.0259,0.0011741434,288
1178,8,budget,27.78,0.857,0.0349,0.0002543526,64
1179,3,budget,18.63,0.521,0.0248,0.0002798144,181
1180,3,midrange,36.64,0.785,0.0311,0.0001736113,96
1181,14,budget,6.01,0.685,0.0352,0.0001991564,316
1182,6,budget,59.22,0.568,0.0215,0.0005626733,36
1183,7,midrange,190.16,0.995,0.0312,0.0002194622,149
1184,1,budget,11.94,0.468,0.0249,0.0008190828,120
1185,7,budget,42.96,0.56,0.0226,0.0001609466,132
1186,4,budget,12.58,0.927,0.0407,0.0119464085,343
1187,11,budget,7.58,0.467,0.0267,0.0002042457,197
1188,4,midrange,35.11,0.365,0.0166,0.0001588777,138
1189,14,premium,220.41,0.482,0.0126,0.0004994365,294
1190,15,budget,9.1,0.819,0.0383,0.0001708331,283
1191,3,budget,10.73,0.895,0.0402,0.0002084152,52
1192,3,midrange,21.89,0.336,0.0177,0.0001599212,168
1193,3,budget,21.11,0.716,0.0311,0.000198804,150
1194,11,budget,29.76,0.675,0.0282,0.0001596611,164
1195,3,premium,431.62,0.752,0.019,0.0001803752,127
1196,14,midrange,27.62,0.753,0.0313,0.0001885367,300
1197,13,budget,22.21,0.97,0.0398,0.0003396428,363
1198,14,premium,152.67,0.51,0.0152,0.0001815903,9
1199,10,budget,40.21,0.475,0.0199,0.0001804654,312
1200,15,premium,534.05,0.686,0.0157,0.0002096647,315
1201,1,budget,11.99,0.572,0.0285,0.0001613296,133
1202,7,budget,7.59,0.605,0.0315,0.0001992772,177
1203,6,premium,1099.43,0.302,0.002,0.000198207,37
1204,15,budget,54.38,0.361,0.0146,0.0002548649,128
1205,11,budget,21.24,0.952,0.0393,0.0001600924,86
1206,14,budget,37.24,0.301,0.0141,0.0001721176,330
1207,3,midrange,125.75,0.693,0.0225,0.000336671,39
1208,15,midrange,41.86,0.816,0.0316,0.0001947808,124
1209,9,budget,40.68,0.259,0.0123,0.0001984806,175
1210,9,midrange,66.95,0.417,0.0156,0.0001944579,356
1211,15,midrange,79.67,0.533,0.0189,0.0001653151,298
1212,7,budget,8.8,0.63,0.0318,0.000342244,341
1213,7,budget,45.72,0.506,0.0204,0.0003672611,113
1214,11,budget,23.98,0.737,0.0313,0.0002007902,97
1215,3,budget,8.3,0.42,0.0247,0.0002012376,208
1216,6,budget,18.17,0.269,0.0161,0.0002544875,124
1217,3,budget,11.35,0.251,0.0175,0.0005445657,5
1218,3,budget,21.85,0.509,0.0237,0.0029550072,296
1219,14,budget,34.44,0.521,0.0222,0.0001644832,34
1220,11,midrange,37.5,0.961,0.0372,0.0001798995,71
1221,7,budget,16.62,0.284,0.017,0.0001859065,344
1222,8,premium,679.28,0.648,0.0133,0.0002432944,267
1223,8,premium,404.78,0.683,0.0169,0.0002901915,234
1224,11,midrange,56.02,0.774,0.0289,0.0002119591,47
1225,15,premium,161.51,0.729,0.0226,0.0001594388,91
1226,15,premium,189.63,0.256,0.0053,0.0001816782,75
1227,7,budget,14.39,0.724,0.033,0.0003185677,234
1228,6,midrange,213.86,0.492,0.013,0.0002821187,182
1229,9,budget,18.85,0.83,0.0356,0.000156396,131
1230,11,midrange,32.03,0.391,0.018,0.0002471386,272
1231,9,budget,41.65,0.787,0.0307,0.0002516247,283
1232,12,budget,47.52,0.719,0.0277,0.0004919428,269
1233,11,budget,14.0,0.739,0.0337,0.0010690138,38
1234,6,premium,131.81,0.382,0.0114,0.0001523232,222
1235,7,budget,25.66,0.752,0.0315,0.000273821,76
1236,7,budget,14.8,0.803,0.0357,0.0002424263,99
1237,2,budget,29.12,0.617,0.0263,0.0001525747,357
1238,3,budget,8.48,0.505,0.0276,0.0001726087,151
1239,12,midrange,23.53,0.375,0.0187,0.0002267681,287
1240,7,midrange,45.58,0.467,0.0191,0.0003724003,89
1241,4,budget,37.11,0.823,0.0324,0.0006884771,354
1242,11,budget,12.26,0.557,0.0279,0.0001772301,101
1243,13,budget,7.37,0.777,0.0376,0.0002046011,66
1244,4,budget,22.84,0.805,0.0339,0.0002706713,117
1245,14,midrange,92.85,0.756,0.026,0.0002080209,63
1246,15,midrange,35.49,0.755,0.0302,0.0002702445,218
1247,11,budget,22.37,0.708,0.0306,0.0003130975,52
1248,12,midrange,101.4,0.639,0.0215,0.0003735242,75
1249,1,budget,12.09,0.398,0.0224,0.0002707232,256
1250,15,midrange,230.15,0.882,0.0264,0.0002600268,15
1251,7,budget,38.91,0.973,0.0375,0.0001835974,160
1252,15,midrange,54.67,0.6,0.0229,0.0001732518,252
1253,11,budget,5.91,0.95,0.0445,0.0004562412,162
1254,1,premium,190.92,0.998,0.0313,0.0002533245,7
1255,1,budget,8.65,0.615,0.0313,0.0002549028,57
1256,12,budget,21.15,0.793,0.0338,0.0001591924,354
1257,11,budget,35.35,0.733,0.0295,0.0002755483,281
1258,1,budget,33.08,0.428,0.0191,0.0001520292,127
1259,13,midrange,30.92,0.285,0.0144,0.0001817355,318
1260,14,midrange,45.59,0.59,0.0234,0.0001862088,2
1261,9,midrange,33.67,0.84,0.0335,0.0003005477,17
1262,9,budget,27.91,0.494,0.0221,0.0001825744,322
1263,1,midrange,21.94,0.838,0.0352,0.0002379797,246
1264,13,midrange,124.16,0.741,0.0242,0.0002468733,218
1265,6,budget,49.29,0.772,0.0294,0.0009901166,125
1266,14,budget,8.21,0.464,0.0263,0.0004452663,298
1267,7,budget,26.25,0.603,0.0262,0.0002608719,221
1268,11,budget,17.44,0.386,0.0204,0.0001705471,158
1269,4,midrange,173.91,0.435,0.012,0.00024762,138
1270,3,premium,249.13,0.317,0.0063,0.00021048,129
1271,13,midrange,24.06,0.345,0.0176,0.0001569197,209
1272,9,budget,33.84,0.408,0.0183,0.0002924202,239
1273,11,midrange,22.07,0.685,0.0299,0.0001807787,293
1274,15,midrange,98.61,0.581,0.0196,0.0002186538,148
1275,15,budget,12.57,0.45,0.024,0.0002759153,92
1276,14,midrange,80.07,0.896,0.0316,0.0004009026,203
1277,3,budget,25.69,0.644,0.0278,0.0002426531,212
1278,11,budget,6.92,0.942,0.0437,0.0005485494,101
1279,14,budget,11.95,0.726,0.0339,0.0001548027,26
1280,7,budget,28.12,0.262,0.014,0.0001775794,121
1281,3,premium,111.05,0.935,0.0315,0.0003374332,25
1282,14,budget,16.7,0.893,0.0383,0.0002328994,29
1283,9,budget,36.1,0.726,0.0292,0.0001919694,352
1284,11,budget,11.35,0.651,0.0315,0.0001879502,285
1285,15,budget,43.78,0.59,0.0235,0.0002938941,12
1286,11,budget,15.53,0.612,0.0288,0.0001710566,127
1287,8,budget,34.46,0.827,0.0329,0.0004573277,92
1288,7,midrange,29.14,0.635,0.0269,0.0001927123,355
1289,8,budget,10.21,0.382,0.0225,0.0001579062,159
1290,3,midrange,18.05,0.294,0.017,0.0002643459,94
1291,13,budget,29.27,0.345,0.0167,0.0001598662,231
1292,14,midrange,123.63,0.439,0.0136,0.0003137299,173
1293,4,midrange,176.31,0.526,0.0151,0.000191573,68
1294,5,budget,11.83,0.919,0.0407,0.0003103796,111
1295,14,budget,15.37,0.429,0.0224,0.0002407751,46
1296,1,premium,675.47,0.49,0.0078,0.0001851584,253
1297,10,budget,33.89,0.417,0.0186,0.0002298097,354
1298,9,midrange,40.06,0.659,0.0264,0.0002811709,295
1299,12,budget,42.66,0.713,0.028,0.0001644429,137
1300,3,budget,6.7,0.649,0.0335,0.0002365995,177
1301,12,budget,9.92,0.964,0.043,0.0001701235,22
1302,7,premium,992.73,0.997,0.0238,0.0001619141,133
1303,11,budget,14.74,0.878,0.0383,0.0003447591,11
1304,1,midrange,43.32,0.854,0.0328,0.0001794334,271
1305,9,midrange,104.89,0.525,0.0174,0.0005174005,331
1306,10,budget,62.87,0.685,0.0253,0.0002807852,69
1307,4,budget,11.41,0.514,0.0266,0.0001628101,246
1308,3,budget,22.27,0.838,0.0352,0.0001986646,218
1309,3,budget,9.5,0.379,0.0227,0.000256311,152
1310,7,midrange,27.65,0.413,0.0193,0.0003674215,267
1311,2,budget,17.54,0.279,0.0166,0.000337741,248
1312,15,budget,24.74,0.707,0.0301,0.0002356831,98
1313,8,midrange,51.06,0.766,0.029,0.0005188462,291
1314,14,midrange,43.31,0.253,0.0118,0.0001878427,239
1315,15,budget,29.48,0.633,0.0268,0.0001830197,114
1316,2,midrange,88.66,0.533,0.0184,0.0001929356,268
1317,12,budget,30.14,0.844,0.0341,0.000405288,233
1318,14,midrange,111.69,0.279,0.0085,0.0003906628,42
1319,11,budget,12.66,0.286,0.0183,0.0001579057,60
1320,8,budget,22.84,0.715,0.0308,0.0003812769,118
1321,8,budget,26.5,0.694,0.0294,0.0001694671,16
1322,1,midrange,66.26,0.873,0.0316,0.0001858726,148
1323,10,midrange,36.81,0.694,0.028,0.0001539178,168
1324,15,budget,15.37,0.962,0.0411,0.0001718859,283
1325,15,midrange,39.82,0.486,0.0203,0.0001708685,62
1326,1,midrange,44.57,0.548,0.022,0.0002107185,207
1327,12,budget,49.9,0.983,0.0367,0.0001913904,242
1328,4,midrange,107.57,0.331,0.0105,0.000156426,164
1329,14,budget,12.67,0.847,0.0379,0.0004110494,331
1330,1,premium,372.11,0.259,0.0024,0.0003550047,116
1331,15,budget,31.53,0.615,0.0259,0.0004273751,148
1332,14,budget,12.81,0.365,0.021,0.0001913887,1
1333,3,budget,11.94,0.699,0.0329,0.0003081911,149
1334,1,budget,23.53,0.849,0.0353,0.0001638696,7
1335,14,midrange,20.32,0.275,0.0158,0.0002706876,359
1336,3,budget,14.38,0.373,0.0207,0.0001699152,87
1337,11,budget,16.72,0.507,0.0248,0.0003420656,296
1338,14,budget,24.5,0.442,0.0209,0.0004291422,42
1339,11,premium,1061.41,0.537,0.0075,0.00016748,100
1340,7,midrange,122.85,0.964,0.0321,0.0002377886,43
1341,8,budget,26.88,0.326,0.0164,0.0002590306,134
1342,1,budget,8.06,0.567,0.0299,0.0001747262,219
1343,15,budget,26.79,0.593,0.0258,0.0002081513,153
1344,5,premium,1030.05,0.46,0.0049,0.0004200873,220
1345,3,midrange,125.28,0.459,0.0143,0.0002626895,294
1346,4,midrange,183.31,0.786,0.024,0.0002136043,16
1347,15,premium,200.39,0.713,0.0211,0.0002590414,154
1348,2,budget,31.5,0.86,0.0344,0.0006811773,216
1349,14,midrange,122.95,0.554,0.0177,0.0001567508,191
1350,12,budget,27.69,0.705,0.0296,0.0001647156,53
1351,14,budget,21.24,0.92,0.0382,0.0003564347,75
1352,15,budget,22.43,0.888,0.0369,0.0002591936,137
1353,14,budget,19.25,0.94,0.0394,0.0001574115,237
1354,15,premium,263.3,0.452,0.0107,0.000159854,361
1355,3,budget,5.79,0.989,0.046,0.0003121274,134
1356,13,midrange,97.32,0.862,0.0295,0.0002116926,190
1357,11,midrange,146.97,0.846,0.0271,0.0002905296,111
1358,11,midrange,121.58,0.751,0.0246,0.0004462768,12
1359,14,premium,189.98,0.987,0.0309,0.0001909023,145
1360,15,budget,9.89,0.581,0.0296,0.000192476,126
1361,12,budget,12.35,0.806,0.0366,0.0001711497,54
1362,9,budget,50.94,0.774,0.0293,0.0003070545,244
1363,9,budget,34.95,0.799,0.0318,0.0001532235,94
1364,7,premium,1176.85,0.814,0.0167,0.0006409969,81
1365,7,budget,12.79,0.393,0.0219,0.0001581959,142
1366,7,budget,19.49,0.512,0.0243,0.0003376793,352
1367,2,budget,36.82,0.544,0.0227,0.0001558216,232
1368,2,budget,12.01,0.811,0.0368,0.0001601276,155
1369,13,midrange,131.32,0.787,0.0256,0.0001856702,299
1370,8,budget,32.14,0.875,0.0349,0.0001940294,7
1371,15,midrange,27.77,0.841,0.0343,0.0002100393,122
1372,11,midrange,19.55,0.697,0.0308,0.0002471499,197
1373,1,midrange,132.64,0.355,0.0104,0.0002613324,178
1374,3,budget,17.78,0.727,0.0322,0.0001806698,246
1375,4,midrange,159.88,0.915,0.0292,0.0001856599,256
1376,15,budget,39.74,0.732,0.029,0.000161822,166
1377,4,budget,20.93,0.922,0.0384,0.0002386123,339
1378,10,midrange,167.74,0.999,0.0319,0.0001661992,338
1379,15,midrange,214.15,0.519,0.014,0.0002257122,173
1380,15,budget,11.58,0.792,0.0363,0.0007561021,329
1381,4,midrange,160.25,0.655,0.0201,0.0001662202,233
1382,1,budget,10.65,0.591,0.0296,0.0001535852,50
1383,3,midrange,32.73,0.43,0.0192,0.0004620625,43
1384,1,premium,250.24,0.434,0.0103,0.0001786442,29
1385,4,midrange,199.45,0.389,0.0098,0.0001975348,77
1386,11,midrange,19.42,0.724,0.0318,0.0002066588,113
1387,14,midrange,46.12,0.357,0.0151,0.0005979968,25
1388,11,midrange,82.45,0.574,0.0202,0.0003556482,221
1389,11,midrange,23.58,0.642,0.0281,0.0001534828,150
1390,4,midrange,170.46,0.579,0.0171,0.0003161392,219
1391,14,budget,35.58,0.891,0.035,0.0002665463,183
1392,11,midrange,22.6,0.582,0.0262,0.0002023331,99
1393,14,budget,7.26,0.312,0.0214,0.0003730927,224
1394,15,premium,1531.42,0.994,0.0218,0.0002557729,347
1395,7,budget,9.56,0.884,0.0403,0.0002046254,115
1396,2,budget,8.79,0.745,0.0358,0.0001746675,112
1397,4,midrange,242.25,0.817,0.0239,0.0001958375,188
1398,8,budget,58.85,0.346,0.0137,0.0003698974,293
1399,15,budget,30.69,0.824,0.0333,0.0014406456,193
1400,7,midrange,71.82,0.406,0.0149,0.0001792299,303
1401,13,budget,30.19,0.617,0.0261,0.0002056665,27
1402,11,budget,20.8,0.383,0.0196,0.0004398878,35
1403,3,budget,18.26,0.815,0.0352,0.0003965758,148
1404,6,budget,47.04,0.434,0.0178,0.0002713084,84
1405,12,budget,26.18,0.44,0.0205,0.0001664655,8
1406,12,budget,19.37,0.332,0.0181,0.0002467514,78
1407,8,budget,21.36,0.79,0.0337,0.0001567601,98
1408,4,budget,24.72,0.472,0.0219,0.0003682929,335
1409,12,budget,20.12,0.639,0.0286,0.0001839572,285
1410,3,midrange,35.68,0.499,0.0213,0.0002005485,128
1411,15,midrange,73.06,0.831,0.0297,0.0004637053,349
1412,3,budget,24.38,0.42,0.0201,0.0005458104,305
1413,3,budget,11.21,0.956,0.0422,0.0001940354,91
1414,9,premium,149.41,0.491,0.0146,0.0001806634,174
1415,10,midrange,54.03,0.328,0.0134,0.000163435,336
1416,10,budget,13.88,0.43,0.0229,0.0002578358,166
1417,8,budget,48.2,0.305,0.0132,0.0002003058,135
1418,15,budget,20.25,0.602,0.0273,0.0001669574,329
1419,9,midrange,57.53,0.438,0.017,0.0001892109,241
1420,9,premium,1141.91,0.915,0.0203,0.0003232759,160
1421,8,premium,153.58,0.638,0.0196,0.0001898373,317
1422,1,budget,8.14,0.425,0.0249,0.0002891122,271
1423,11,budget,29.38,0.588,0.0252,0.00020119,126
1424,4,budget,27.2,0.397,0.0189,0.0002239625,154
1425,11,budget,26.39,0.384,0.0185,0.0003296438,17
1426,1,budget,31.0,0.475,0.021,0.0002393523,37
1427,15,midrange,216.24,0.331,0.0074,0.0001615676,348
1428,9,budget,10.59,0.391,0.0227,0.0001800871,19
1429,14,premium,634.11,0.954,0.0243,0.0002906631,305
1430,9,budget,38.88,0.75,0.0297,0.0001688198,76
1431,1,budget,8.69,0.941,0.0427,0.0001986447,197
1432,14,midrange,137.7,0.443,0.0133,0.0001564221,263
1433,12,midrange,56.88,0.893,0.033,0.000253254,361
1434,13,budget,28.33,0.522,0.0231,0.000303744,136
1435,8,midrange,122.73,0.358,0.0109,0.0002081482,337
1436,11,budget,16.04,0.854,0.0371,0.0001901923,165
1437,14,budget,7.35,0.295,0.0208,0.0001619969,316
1438,11,budget,35.03,0.554,0.0232,0.0004784527,37
1439,7,budget,19.69,0.864,0.0366,0.0002122831,97
1440,12,midrange,23.72,0.713,0.0305,0.0002810321,227
1441,12,budget,7.28,0.639,0.0328,0.0003355595,257
1442,15,midrange,150.71,0.515,0.0154,0.0002125568,293
1443,7,midrange,30.52,0.306,0.0152,0.0002005902,130
1444,8,budget,32.55,0.993,0.039,0.0001957976,228
1445,14,budget,21.04,0.381,0.0194,0.0002737745,226
1446,10,budget,15.28,0.441,0.0229,0.0001768244,359
1447,12,midrange,81.75,0.427,0.0151,0.0002480861,42
1448,9,midrange,52.69,0.931,0.0347,0.0001825784,5
1449,4,midrange,239.14,0.823,0.0241,0.0005639797,209
1450,13,budget,26.8,0.593,0.0258,0.0002148532,5
1451,3,budget,8.66,0.967,0.0436,0.0004378516,71
1452,4,midrange,95.55,0.29,0.0096,0.0002421264,182
1453,11,budget,15.22,0.92,0.0397,0.0001539352,97
1454,13,midrange,130.15,0.295,0.0084,0.0003590313,97
1455,14,budget,11.8,0.543,0.0275,0.0001574781,126
1456,4,budget,27.84,0.291,0.015,0.0006040502,250
1457,3,budget,31.47,0.999,0.0393,0.0001966924,133
1458,15,budget,11.37,0.936,0.0414,0.0011981471,289
1459,3,midrange,54.13,0.689,0.0261,0.00026145,58
1460,4,budget,11.1,0.413,0.0232,0.000188946,37
1461,4,premium,666.03,0.458,0.0068,0.0004435314,60
1462,10,midrange,64.79,0.587,0.0217,0.0001802105,334
1463,14,premium,980.86,0.492,0.0062,0.0001942267,101
1464,13,midrange,39.33,0.266,0.0127,0.0001520799,10
1465,12,midrange,31.56,0.742,0.0303,0.000160974,115
1466,3,midrange,100.92,0.71,0.024,0.0002656453,251
1467,7,budget,33.53,0.928,0.0365,0.0001569321,132
1468,9,budget,37.81,0.608,0.0248,0.0002823652,140
1469,3,midrange,83.69,0.509,0.0178,0.000230322,31
1470,4,budget,15.29,0.634,0.0296,0.0001555566,243
1471,5,budget,28.84,0.396,0.0186,0.0005353801,80
1472,3,midrange,17.56,0.719,0.032,0.0001547362,35
1473,11,budget,8.25,0.828,0.039,0.000188046,260
1474,12,midrange,181.49,0.365,0.0093,0.0003076105,342
1475,1,midrange,96.88,0.489,0.0165,0.000161006,222
1476,9,budget,14.84,0.901,0.0391,0.0002135671,342
1477,13,premium,94.81,0.629,0.0215,0.0002594707,146
1478,13,budget,32.05,0.649,0.027,0.0001623431,189
1479,14,premium,106.97,0.792,0.0266,0.0001853827,130
1480,9,midrange,54.67,0.683,0.0258,0.0001566155,185
1481,14,budget,7.71,0.302,0.0208,0.0001593111,325
1482,4,budget,9.11,0.853,0.0394,0.0001529335,231
1483,7,budget,12.08,0.942,0.0414,0.0002466711,9
1484,3,budget,34.49,0.29,0.0141,0.0001897133,211
1485,9,budget,18.57,0.341,0.0186,0.0001520672,137
1486,7,premium,355.27,0.776,0.0207,0.0002793531,198
1487,4,budget,40.32,0.703,0.0279,0.0002022039,203
1488,13,midrange,52.99,0.537,0.0208,0.0002379783,215
1489,5,budget,35.39,0.654,0.0267,0.0001626231,316
1490,4,premium,746.7,0.778,0.0174,0.000158268,313
1491,3,budget,16.51,0.628,0.0291,0.000210991,354
1492,8,budget,36.07,0.355,0.0162,0.0002052237,223
1493,5,midrange,152.65,0.317,0.0084,0.0003672612,104
1494,7,budget,26.83,0.579,0.0253,0.0002524104,71
1495,4,midrange,170.29,0.942,0.0298,0.0001777001,310
1496,13,budget,6.35,0.668,0.0344,0.0002465673,333
1497,15,midrange,120.99,0.519,0.0165,0.0001555045,13
1498,9,midrange,156.94,0.932,0.0298,0.0002892593,78
1499,12,midrange,45.24,0.541,0.0217,0.0002604306,247
1500,14,budget,31.07,0.632,0.0265,0.0001733292,60
1501,15,budget,15.13,0.337,0.0193,0.0001946665,18
1502,11,budget,9.07,0.803,0.0377,0.0001655886,363
1503,14,budget,30.6,0.775,0.0316,0.0005140796,35
1504,14,budget,8.77,0.846,0.0393,0.0001681519,77
1505,13,premium,208.43,0.494,0.0132,0.0001998726,360
1506,9,budget,19.57,0.577,0.0266,0.000241319,36
1507,2,midrange,179.72,0.376,0.0098,0.0001525661,291
1508,1,budget,14.33,0.973,0.0418,0.0002134211,205
1509,9,budget,37.77,0.315,0.0146,0.0002523317,197
1510,9,budget,46.17,0.737,0.0284,0.0013030357,301
1511,8,budget,34.52,0.779,0.0312,0.000158615,7
1512,11,budget,37.17,0.368,0.0165,0.0001704478,22
1513,11,budget,27.97,0.524,0.0232,0.0001740792,71
1514,14,budget,11.95,0.282,0.0184,0.0004290408,178
1515,3,premium,853.01,0.667,0.013,0.0002239618,351
1516,4,budget,25.81,0.996,0.0401,0.0001654287,25
1517,13,budget,4.96,0.572,0.032,0.000263387,153
1518,14,budget,9.01,0.993,0.0444,0.0001551012,156
1519,15,budget,28.66,0.345,0.0168,0.0001741177,71
1520,14,midrange,25.09,0.544,0.0244,0.0002334148,125
1521,14,budget,17.3,0.926,0.0393,0.0003112404,73
1522,5,midrange,58.37,0.908,0.0334,0.0003148171,50
1523,7,budget,18.83,0.493,0.0238,0.0002816454,190
1524,4,budget,9.0,0.759,0.0362,0.0002787978,339
1525,11,premium,749.7,0.915,0.0222,0.0003115927,147
1526,15,budget,16.98,0.825,0.0359,0.0001621457,231
1527,7,midrange,29.09,0.721,0.0299,0.0003459768,244
1528,11,budget,13.41,0.364,0.0207,0.0002168492,307
1529,4,premium,473.99,0.305,0.0029,0.0002293162,301
1530,3,budget,17.5,0.711,0.0318,0.000213381,330
1531,4,budget,25.81,0.625,0.0271,0.0001715473,297
1532,1,midrange,21.01,0.429,0.0211,0.0002056507,339
1533,15,budget,47.41,0.47,0.019,0.0001760933,352
1534,8,budget,24.44,0.544,0.0245,0.0001579565,273
1535,14,premium,97.65,0.622,0.0211,0.0002046325,180
1536,12,midrange,127.85,0.543,0.0171,0.0002286869,112
1537,3,midrange,68.88,0.54,0.0198,0.0001521865,208
1538,3,midrange,67.28,0.337,0.0128,0.0002218058,302
1539,14,midrange,45.42,0.899,0.0342,0.0001664175,275
1540,4,premium,389.61,0.707,0.0179,0.0001787998,189
1541,14,midrange,57.76,0.36,0.0143,0.0002278204,27
1542,3,budget,5.36,0.568,0.0315,0.000209469,99
1543,12,budget,12.82,0.563,0.0279,0.0002086396,210
1544,14,midrange,155.8,0.7,0.0218,0.0004915889,140
1545,4,midrange,128.09,0.707,0.0229,0.0003487754,166
1546,4,budget,20.86,0.734,0.0318,0.0002476756,109
1547,15,budget,12.82,0.773,0.0353,0.0003423862,27
1548,4,budget,40.26,0.328,0.0147,0.0001604282,170
1549,8,budget,16.46,0.479,0.0239,0.0003519562,162
1550,8,midrange,46.39,0.263,0.0118,0.0002005807,285
1551,4,budget,12.25,0.591,0.0291,0.0002300585,40
1552,13,midrange,78.39,0.572,0.0203,0.000214358,176
1553,13,midrange,64.82,0.801,0.0292,0.0002562651,311
1554,7,premium,115.29,0.375,0.0117,0.0002028241,97
1555,14,budget,6.72,0.724,0.0361,0.000218695,115
1556,4,premium,694.84,0.48,0.0073,0.0002077383,31
1557,1,midrange,66.96,0.536,0.0198,0.0008247248,209
1558,11,midrange,83.53,0.789,0.0277,0.0001706229,312
1559,15,budget,11.72,0.304,0.0192,0.0001928836,175
1560,1,budget,24.76,0.507,0.0231,0.0002250871,152
1561,4,midrange,233.83,0.543,0.0145,0.0002141751,273
1562,10,budget,29.22,0.787,0.0322,0.0001669144,161
1563,14,budget,7.92,0.399,0.0241,0.0002491766,145
1564,2,midrange,111.2,0.961,0.0324,0.0001907126,278
1565,7,midrange,45.44,0.998,0.0377,0.0001547423,103
1566,13,budget,5.23,0.864,0.042,0.0002363433,310
1567,7,budget,11.8,0.475,0.0251,0.0003017038,97
1568,3,budget,30.04,0.748,0.0307,0.0001613338,186
1569,4,premium,390.26,0.312,0.0041,0.0001564923,91
1570,8,premium,1372.22,0.903,0.0191,0.0002095317,230
1571,9,budget,25.98,0.637,0.0275,0.0001536931,158
1572,14,budget,15.11,0.382,0.0209,0.0002644964,87
1573,12,budget,7.09,0.496,0.0279,0.000282988,271
1574,12,budget,25.34,0.851,0.035,0.0002277564,341
1575,15,premium,162.4,0.903,0.0287,0.000224531,10
1576,8,budget,25.56,0.64,0.0276,0.0001529364,207
1577,8,budget,16.46,0.61,0.0285,0.0004600706,262
1578,15,budget,18.05,0.813,0.0352,0.000165282,262
1579,4,budget,26.47,0.87,0.0355,0.0002270902,80
1580,12,midrange,24.16,0.824,0.0343,0.0011744815,41
1581,13,midrange,29.51,0.538,0.0235,0.0001913941,187
1582,3,midrange,142.06,0.731,0.0233,0.0001841314,232
1583,9,budget,10.47,0.893,0.0403,0.0002786736,105
1584,4,premium,307.71,0.364,0.0069,0.0001734643,134
1585,3,budget,9.26,0.541,0.0285,0.0001893271,194
1586,9,midrange,71.52,0.292,0.011,0.0001767979,164
1587,4,premium,792.83,0.557,0.0094,0.0003389331,176
1588,13,budget,7.8,0.829,0.0392,0.0002452325,248
1589,14,premium,263.54,0.398,0.0088,0.0001988581,359
1590,14,budget,19.56,0.656,0.0294,0.005493227,290
1591,4,midrange,60.7,0.277,0.0112,0.0002309682,2
1592,4,budget,60.67,0.923,0.0338,0.0001657298,127
1593,4,budget,64.57,0.865,0.0315,0.0002784423,3
1594,3,budget,6.17,0.643,0.0337,0.0005354148,318
1595,15,budget,16.37,0.779,0.0344,0.0002587798,235
1596,7,budget,9.75,0.328,0.0208,0.0002408211,79
1597,4,budget,13.07,0.884,0.039,0.000185865,306
1598,14,midrange,52.29,0.786,0.0296,0.0001758864,205
1599,7,budget,19.98,0.34,0.0182,0.0003520075,18
1600,1,budget,13.5,0.986,0.0425,0.000174699,55
1601,3,premium,147.22,0.267,0.0068,0.0001519508,295
1602,11,premium,171.36,0.721,0.0221,0.0001798606,105
1603,13,budget,34.97,0.379,0.0171,0.0001610228,191
1604,4,budget,57.68,0.789,0.0293,0.0002547797,326
1605,14,midrange,21.0,0.303,0.0167,0.0001765394,105
1606,14,midrange,75.23,0.311,0.0114,0.0002154244,4
1607,14,budget,13.39,0.6,0.029,0.000158459,30
1608,4,midrange,135.81,0.996,0.0327,0.0006186854,334
1609,1,budget,19.07,0.457,0.0225,0.0002754238,218
1610,14,budget,32.0,0.709,0.0291,0.0002541621,119
1611,5,midrange,30.55,0.639,0.0268,0.0003494335,28
1612,11,midrange,39.89,0.882,0.0342,0.0001530676,253
1613,13,midrange,137.64,0.466,0.0141,0.0009400241,14
1614,3,budget,6.99,0.666,0.034,0.000177387,33
1615,13,budget,6.12,0.963,0.0449,0.0004326052,216
1616,15,budget,35.57,0.499,0.0213,0.0002064593,234
1617,12,budget,33.62,0.58,0.0243,0.0001895876,207
1618,8,budget,37.75,0.917,0.0356,0.0002589746,331
1619,14,budget,25.48,0.499,0.0227,0.0004747973,98
1620,10,midrange,133.21,0.536,0.0167,0.0002734907,202
1621,13,midrange,21.28,0.478,0.0228,0.0001763755,111
1622,14,budget,18.16,0.857,0.0367,0.0001688035,132
1623,13,budget,22.66,0.948,0.0389,0.0001883035,54
1624,4,midrange,200.24,0.723,0.0214,0.000259414,289
1625,3,budget,7.96,0.718,0.0353,0.000209411,256
1626,4,premium,187.15,0.543,0.0154,0.0002619052,260
1627,9,budget,44.98,0.259,0.0119,0.0003995862,51
1628,10,midrange,50.98,0.38,0.0155,0.0001596346,42
1629,11,premium,90.45,0.361,0.0123,0.0002099382,285
1630,7,midrange,131.07,0.337,0.0098,0.0002549352,242
1631,13,midrange,47.99,0.741,0.0284,0.0001783207,10
1632,14,midrange,36.44,0.352,0.016,0.0010495046,242
1633,4,budget,9.18,0.314,0.0206,0.0002549117,357
1634,12,midrange,25.29,0.537,0.0241,0.0001758843,274
1635,12,premium,820.54,0.437,0.0051,0.0001665507,101
1636,10,premium,464.15,0.359,0.0049,0.0007552559,115
1637,3,budget,6.55,0.36,0.0235,0.0002682033,274
1638,13,budget,9.75,0.442,0.0248,0.0001901723,146
1639,15,midrange,39.25,0.653,0.0262,0.0001882062,268
1640,12,midrange,29.99,0.819,0.0332,0.000155108,350
1641,14,budget,9.31,0.89,0.0406,0.0003250811,148
1642,15,budget,24.78,0.814,0.0339,0.0002049807,209
1643,7,budget,9.79,0.721,0.0345,0.0002996451,178
1644,11,budget,11.09,0.931,0.0414,0.000189519,185
1645,9,budget,24.42,0.64,0.0278,0.0002019404,27
1646,15,budget,19.09,0.725,0.0319,0.0001865157,360
1647,2,budget,9.71,0.559,0.0289,0.0001545539,197
1648,8,premium,161.6,0.496,0.0144,0.0001603984,83
1649,14,budget,5.73,0.499,0.0289,0.000169916,209
1650,4,budget,18.16,0.361,0.0194,0.0002123665,145
1651,13,budget,20.16,0.847,0.0359,0.0003425487,299
1652,7,budget,8.36,0.292,0.0201,0.0001855712,277
1653,15,premium,943.19,0.756,0.0156,0.0001600583,139
1654,14,premium,510.7,0.898,0.0234,0.0001926379,260
1655,4,budget,9.04,0.623,0.0314,0.000152208,12
1656,13,budget,5.0,0.303,0.0225,0.0001750421,352
1657,6,budget,12.73,0.571,0.0282,0.0001659373,186
1658,11,budget,6.22,0.507,0.0289,0.0003792829,238
1659,12,budget,20.48,0.989,0.0408,0.0002602905,235
1660,14,budget,5.78,0.768,0.0383,0.0001521041,114
1661,1,budget,28.86,0.791,0.0324,0.0001738476,251
1662,4,midrange,88.32,0.637,0.0221,0.0001674044,145
1663,12,budget,30.43,0.782,0.0319,0.000164954,248
1664,11,budget,25.19,0.792,0.033,0.000169126,32
1665,9,budget,25.88,0.3,0.0157,0.0001671344,53
1666,1,budget,36.96,0.417,0.0182,0.0003826345,337
1667,7,budget,47.17,0.26,0.0117,0.0001806974,268
1668,14,budget,11.0,0.632,0.031,0.0001951279,46
1669,1,budget,7.38,0.907,0.0422,0.0001539155,78
1670,7,budget,13.34,0.707,0.0328,0.0002714935,199
1671,15,midrange,44.59,0.625,0.0247,0.0002716713,2
1672,1,premium,339.92,0.944,0.0268,0.0001710715,146
1673,13,budget,10.15,0.379,0.0224,0.0003761478,119
1674,4,budget,23.61,0.306,0.0163,0.0001547735,48
1675,14,midrange,95.09,0.938,0.0323,0.0002810819,109
1676,13,midrange,28.83,0.927,0.0372,0.0003991393,106
1677,14,budget,15.75,0.762,0.034,0.0003359897,24
1678,4,budget,17.62,0.434,0.022,0.0003380296,231
1679,10,budget,42.32,0.977,0.0372,0.000956838,99
1680,13,midrange,64.36,0.824,0.03,0.0002155168,11
1681,4,budget,9.12,0.755,0.036,0.000185126,8
1682,4,budget,33.91,0.417,0.0186,0.0001726873,352
1683,1,budget,8.07,0.635,0.0323,0.0001547577,43
1684,15,budget,35.25,0.867,0.0342,0.0001939752,331
1685,12,budget,22.02,0.895,0.0372,0.0001522458,60
1686,11,midrange,44.71,0.671,0.0263,0.0002480698,30
1687,13,budget,19.18,0.642,0.029,0.0002265759,199
1688,10,budget,48.89,0.773,0.0295,0.0002951628,316
1689,9,budget,44.77,0.646,0.0254,0.0001722796,26
1690,9,midrange,103.0,0.563,0.0188,0.0003493565,119
1691,12,budget,30.11,0.314,0.0155,0.0001816521,274
1692,4,budget,20.65,0.345,0.0182,0.001190416,24
1693,14,budget,26.15,0.82,0.0339,0.0002608264,61
1694,14,midrange,109.9,0.268,0.0082,0.0001538092,111
1695,7,midrange,28.91,0.289,0.0148,0.0001547726,294
1696,11,premium,154.25,0.928,0.0298,0.0001731708,295
1697,3,midrange,29.23,0.778,0.0319,0.0001620859,258
1698,15,budget,11.44,0.253,0.0175,0.0001699517,243
1699,14,budget,11.76,0.484,0.0255,0.0001734049,9
1700,15,budget,12.08,0.822,0.0372,0.0003694353,87
1701,6,midrange,106.01,0.563,0.0187,0.0001561199,336
1702,3,midrange,20.19,0.602,0.0273,0.0002286565,262
1703,4,budget,15.45,0.594,0.0282,0.0003124437,87
1704,2,premium,630.26,0.402,0.005,0.0001576409,258
1705,3,budget,10.81,0.791,0.0366,0.0001562022,264
1706,2,budget,17.52,0.327,0.0183,0.0002720193,271
1707,15,budget,40.87,0.63,0.0253,0.0001928798,357
1708,2,premium,1440.01,0.377,0.002,0.0002301582,197
1709,3,premium,314.06,0.285,0.0041,0.0002678543,21
1710,14,budget,6.25,0.357,0.0236,0.0001613058,298
1711,11,premium,108.7,0.902,0.0304,0.0001951821,5
1712,13,premium,873.08,0.382,0.0029,0.0004740498,234
1713,11,midrange,82.3,0.459,0.0162,0.0001836371,290
1714,14,midrange,92.88,0.354,0.0119,0.0004365678,45
1715,11,budget,21.66,0.802,0.034,0.0002027739,291
1716,10,midrange,43.05,0.584,0.0234,0.000169738,295
1717,12,midrange,62.67,0.958,0.0348,0.0020076968,238
1718,8,midrange,187.53,0.748,0.0226,0.0002571173,118
1719,7,budget,36.75,0.649,0.0264,0.0015401685,73
1720,9,midrange,52.35,0.742,0.0281,0.0002959568,257
1721,3,premium,340.23,0.28,0.0036,0.0001539449,57
1722,13,budget,6.5,0.963,0.0446,0.0001783827,246
1723,4,premium,1610.08,0.967,0.0206,0.0001782114,61
1724,3,budget,8.05,0.457,0.0261,0.0002170854,122
1725,4,budget,38.78,0.721,0.0287,0.0002612888,184
1726,14,budget,8.5,0.401,0.0239,0.0002789854,59
1727,6,midrange,110.9,0.661,0.0219,0.000201109,290
1728,12,midrange,99.62,0.828,0.0282,0.0004270747,253
1729,14,budget,10.34,0.955,0.0425,0.0001863648,5
1730,2,midrange,151.01,0.504,0.015,0.0001675844,309
1731,13,budget,28.2,0.77,0.0318,0.0009881967,261
1732,5,budget,44.31,0.787,0.0304,0.0002070249,305
1733,4,premium,316.94,0.416,0.0086,0.000205196,219
1734,12,midrange,120.09,0.722,0.0237,0.0001541627,228
1735,14,midrange,60.78,0.742,0.0274,0.0003138693,139
1736,4,midrange,109.94,0.823,0.0276,0.0002163117,83
1737,11,premium,286.77,1.0,0.0295,0.0001839925,85
1738,4,budget,30.06,0.28,0.0143,0.0020454221,115
1739,11,budget,7.3,0.402,0.0245,0.0002314871,106
1740,11,budget,12.65,0.359,0.0208,0.0001932286,275
1741,11,midrange,27.34,0.366,0.0178,0.000345992,191
1742,11,midrange,34.24,0.591,0.0246,0.0005286566,149
1743,3,midrange,21.38,0.909,0.0378,0.0001613613,264
1744,12,budget,10.77,0.587,0.0294,0.0012601237,267
1745,12,budget,33.93,0.751,0.0303,0.0010467296,341
1746,12,midrange,78.33,0.532,0.019,0.0005249008,112
1747,2,premium,119.52,0.49,0.0156,0.0001625476,88
1748,8,budget,47.71,0.876,0.0332,0.0002094224,2
1749,8,budget,60.88,0.742,0.0274,0.0002040942,58
1750,2,budget,44.18,0.513,0.0208,0.0001758117,220
1751,4,budget,47.09,0.936,0.0353,0.0001711241,295
1752,8,budget,71.93,0.624,0.0225,0.0001589727,219
1753,13,budget,15.44,0.391,0.0211,0.0001955434,361
1754,4,midrange,247.84,0.612,0.0166,0.0001907278,229
1755,14,budget,36.08,0.756,0.0302,0.0001861072,322
1756,11,budget,10.43,0.525,0.0274,0.0045660279,97
1757,13,budget,26.98,0.883,0.0359,0.0001951494,118
1758,9,premium,1089.24,0.65,0.0113,0.000275951,296
1759,9,budget,44.51,0.601,0.0238,0.0002372801,241
1760,11,budget,33.78,0.894,0.0353,0.0001807397,177
1761,15,budget,17.76,0.597,0.0277,0.0005082273,348
1762,9,midrange,74.85,0.561,0.0201,0.000154174,278
1763,10,premium,685.16,0.328,0.0021,0.0002144115,107
1764,11,budget,24.55,0.522,0.0237,0.0002570592,223
1765,13,budget,27.88,0.548,0.024,0.0004609899,144
1766,2,budget,43.77,0.385,0.0164,0.0001804847,151
1767,10,midrange,141.54,0.691,0.0219,0.0002511782,293
1768,9,premium,1667.58,0.358,0.002,0.0005111687,248
1769,15,budget,11.74,0.418,0.0232,0.0001539655,4
1770,9,budget,63.26,0.671,0.0247,0.0005742671,209
1771,9,midrange,35.78,0.452,0.0196,0.0001561244,236
1772,15,midrange,92.53,0.73,0.0251,0.0001616956,186
1773,9,budget,11.18,0.768,0.0356,0.000757957,109
1774,3,budget,15.22,0.476,0.0241,0.0001700645,236
1775,4,budget,19.68,0.316,0.0174,0.0002984613,345
1776,2,midrange,29.89,0.617,0.0262,0.0007866853,31
1777,1,midrange,79.3,0.32,0.0115,0.0004391842,220
1778,8,midrange,161.9,0.636,0.0194,0.0001622367,332
1779,13,midrange,23.15,0.795,0.0335,0.0001592799,146
1780,12,budget,28.45,0.715,0.0298,0.0001832042,122
1781,1,budget,8.22,0.586,0.0305,0.000215146,90
1782,11,budget,7.32,0.959,0.044,0.0001987796,82
1783,3,premium,106.44,0.326,0.0104,0.0002950701,142
1784,15,midrange,101.8,0.91,0.031,0.0009671169,281
1785,3,budget,23.27,0.85,0.0354,0.0002785347,66
1786,11,budget,18.48,0.565,0.0264,0.0003669497,84
1787,6,midrange,169.58,0.365,0.0096,0.0001520046,364
1788,12,midrange,85.83,0.367,0.0128,0.000434152,363
1789,8,midrange,187.22,0.941,0.0294,0.0002163221,82
1790,13,budget,33.88,0.425,0.0189,0.0002215312,153
1791,4,premium,370.38,0.906,0.0251,0.0001693807,147
1792,14,midrange,24.71,0.627,0.0273,0.0007145336,108
1793,9,midrange,41.84,0.596,0.024,0.0004080547,55
1794,13,midrange,58.68,0.715,0.0266,0.0002236385,22
1795,14,premium,330.01,0.411,0.0083,0.0003012073,224
1796,15,premium,197.95,0.571,0.0162,0.0003236233,15
1797,4,midrange,207.67,0.954,0.0294,0.0001639792,226
1798,4,budget,61.65,0.429,0.0164,0.0003308964,34
1799,4,budget,14.94,0.941,0.0405,0.0002920339,56
1800,4,midrange,47.1,0.996,0.0374,0.0002008759,1
1801,11,midrange,29.61,0.289,0.0147,0.0002471667,145
1802,15,budget,17.87,0.649,0.0295,0.0001520213,119
1803,15,budget,45.69,0.379,0.016,0.0005773489,121
1804,10,premium,611.21,0.716,0.0162,0.0001571274,113
1805,11,premium,99.19,0.992,0.034,0.0002491316,342
1806,14,premium,272.36,0.923,0.027,0.0004466638,156
1807,15,budget,9.82,0.944,0.0423,0.0002827476,295
1808,4,midrange,72.99,0.41,0.015,0.0003086073,85
1809,10,midrange,70.41,0.657,0.0238,0.0001613943,176
1810,14,budget,19.69,0.426,0.0213,0.0004781766,22
1811,5,budget,23.94,0.925,0.0379,0.0002599623,94
1812,8,premium,1408.56,0.393,0.002,0.0001886752,25
1813,15,budget,8.46,0.365,0.0227,0.0002983867,7
1814,15,midrange,149.51,0.259,0.0065,0.0001570536,66
1815,14,midrange,18.68,0.386,0.0201,0.0003122049,58
1816,14,midrange,34.69,0.392,0.0176,0.0001866483,115
1817,4,budget,52.79,0.308,0.0129,0.0001525932,271
1818,6,midrange,130.58,0.901,0.0296,0.000221239,54
1819,11,budget,7.85,0.835,0.0394,0.0002436137,222
1820,11,midrange,54.4,0.441,0.0174,0.0002178105,133
1821,10,budget,37.27,0.837,0.0329,0.0001550805,147
1822,11,midrange,145.11,0.567,0.0174,0.0002891832,336
1823,8,midrange,130.86,0.832,0.0271,0.0001720836,169
1824,13,budget,4.98,0.492,0.0292,0.0002136247,95
1825,6,budget,23.52,0.673,0.0292,0.0002021009,86
1826,6,midrange,40.09,0.536,0.022,0.0002353354,61
1827,3,budget,5.33,0.391,0.0254,0.0001768075,292
1828,3,budget,16.18,0.689,0.0313,0.0001538933,242
1829,14,budget,25.52,0.813,0.0337,0.0001732732,97
1830,8,premium,160.43,0.815,0.0256,0.0001658761,179
1831,4,midrange,167.25,0.517,0.015,0.000277576,184
1832,13,budget,19.66,0.639,0.0287,0.0002851479,17
1833,11,premium,583.99,0.823,0.0201,0.0001738833,331
1834,1,budget,9.38,0.291,0.0197,0.0002190637,287
1835,5,budget,17.48,0.304,0.0175,0.0002376423,195
1836,3,budget,6.17,0.532,0.0298,0.0002197773,261
1837,12,budget,11.36,0.418,0.0233,0.000999278,39
1838,4,budget,16.51,0.531,0.0257,0.0002736821,356
1839,1,midrange,38.52,0.32,0.0147,0.0007993011,233
1840,1,budget,8.15,0.694,0.0343,0.0002078425,342
1841,11,midrange,28.01,0.754,0.0312,0.0001552213,315
1842,1,budget,35.22,0.844,0.0334,0.0001917713,213
1843,14,budget,25.88,0.738,0.031,0.0002132768,105
1844,3,budget,9.7,0.547,0.0285,0.0005832517,250
1845,11,midrange,148.43,0.951,0.0308,0.0002538302,186
1846,8,midrange,54.89,0.795,0.0297,0.0002102839,149
1847,8,budget,22.11,0.646,0.0285,0.0003156566,259
1848,2,budget,38.6,0.405,0.0176,0.0001784352,324
1849,14,budget,13.02,0.737,0.0339,0.0001868866,62
1850,14,midrange,29.77,0.694,0.0289,0.0001665309,201
1851,1,budget,12.03,0.762,0.0351,0.0001819991,284
1852,3,midrange,48.52,0.836,0.0317,0.0001665686,118
1853,14,budget,18.62,0.936,0.0394,0.0001883911,124
1854,11,budget,12.57,0.962,0.0419,0.0001957048,3
1855,3,midrange,41.66,0.723,0.0284,0.000296959,117
1856,4,budget,15.27,0.974,0.0416,0.0007647781,214
1857,12,budget,20.65,0.934,0.0388,0.0001978795,354
1858,12,premium,185.92,0.252,0.0053,0.0004571108,191
1859,11,budget,31.88,0.728,0.0298,0.0005396753,106
1860,15,budget,36.91,0.384,0.0171,0.0001604514,296
1861,9,budget,21.31,0.471,0.0225,0.0004380319,68
1862,4,budget,40.42,0.473,0.0198,0.0001550072,68
1863,9,midrange,31.56,0.612,0.0258,0.0001824689,190
1864,7,budget,12.84,0.258,0.0172,0.000209202,297
1865,4,premium,420.88,0.427,0.0077,0.0001527405,77
1866,1,midrange,53.59,0.272,0.0115,0.0002536283,5
1867,7,premium,669.16,0.738,0.0165,0.0001796437,264
1868,12,midrange,194.08,0.917,0.0284,0.0002136999,214
1869,1,premium,229.88,0.998,0.0305,0.000217931,250
1870,8,midrange,70.16,0.586,0.0213,0.0001667466,144
1871,12,budget,24.02,0.445,0.0211,0.0001948994,43
1872,11,budget,9.78,0.89,0.0404,0.0001741404,121
1873,13,midrange,21.54,0.335,0.0177,0.0008499317,171
1874,14,budget,37.02,0.981,0.038,0.0001828364,158
1875,12,midrange,138.59,0.786,0.0253,0.0001914563,324
1876,3,budget,33.42,0.628,0.0261,0.0002447094,81
1877,9,midrange,50.15,0.322,0.0136,0.0002101935,113
1878,11,budget,5.75,0.264,0.0206,0.0002946306,66
1879,4,premium,417.58,0.658,0.0159,0.0001827507,208
1880,1,budget,37.58,0.56,0.0232,0.0005414202,293
1881,4,budget,11.85,0.882,0.0394,0.0003513142,322
1882,9,midrange,40.2,0.732,0.0289,0.0003136244,83
1883,8,midrange,37.78,0.574,0.0236,0.000271807,156
1884,3,midrange,86.73,0.42,0.0145,0.0001911425,268
1885,14,premium,612.63,0.61,0.0125,0.0001597644,16
1886,15,budget,33.24,0.372,0.0171,0.0001559873,259
1887,4,midrange,33.61,0.75,0.0303,0.0002106918,49
1888,15,budget,35.17,0.704,0.0285,0.0002102077,12
1889,1,midrange,51.16,0.858,0.0322,0.0002137527,41
1890,15,budget,11.26,0.587,0.0293,0.0003438418,321
1891,15,budget,14.84,0.459,0.0236,0.0002810957,248
1892,1,midrange,57.42,0.877,0.0324,0.0001728708,288
1893,13,midrange,32.58,0.768,0.0311,0.0002761619,251
1894,15,budget,57.78,0.78,0.029,0.0002441058,290
1895,14,premium,273.61,0.646,0.0173,0.0001957058,181
1896,15,midrange,61.83,0.907,0.0331,0.0001957397,295
1897,11,budget,21.55,0.421,0.0207,0.0001975649,20
1898,2,midrange,104.33,0.551,0.0183,0.0001521792,212
1899,14,budget,5.36,0.847,0.0413,0.0002741592,275
1900,11,budget,19.3,0.35,0.0187,0.0004037369,362
1901,11,midrange,31.61,0.856,0.0343,0.000174396,131
1902,8,budget,20.75,0.514,0.0241,0.0003828673,65
1903,11,budget,23.04,0.344,0.0177,0.0001987505,262
1904,3,midrange,54.96,0.309,0.0127,0.0021182645,26
1905,13,budget,9.96,0.882,0.0401,0.00020602,283
1906,2,midrange,36.09,0.834,0.0329,0.0009957781,257
1907,12,midrange,71.05,0.466,0.0171,0.0003586773,252
1908,14,budget,10.15,0.337,0.021,0.0001637558,107
1909,9,budget,58.67,0.435,0.0168,0.0002011091,43
1910,10,budget,25.54,0.41,0.0196,0.000244425,222
1911,5,midrange,176.79,0.8,0.0247,0.0006007808,132
1912,15,budget,17.97,0.412,0.0212,0.000182592,142
1913,12,premium,897.97,0.412,0.0038,0.0002005383,68
1914,7,budget,7.19,0.274,0.0201,0.0002707103,121
1915,3,midrange,31.09,0.698,0.0288,0.0001563935,303
1916,4,budget,10.5,0.767,0.0358,0.0004227945,326
1917,9,budget,9.94,0.74,0.0351,0.0002117518,127
1918,15,budget,52.15,0.676,0.0258,0.0001578051,51
1919,12,midrange,113.06,0.975,0.0328,0.0001700723,12
1920,4,premium,679.29,0.605,0.0118,0.0005480196,68
1921,14,budget,15.59,0.895,0.0387,0.0001745099,3
1922,7,budget,20.21,0.735,0.032,0.0002397726,243
1923,14,budget,19.31,0.313,0.0174,0.0001724167,234
1924,4,budget,47.43,0.858,0.0326,0.0002408007,285
1925,11,premium,390.78,0.688,0.0172,0.0001961069,121
1926,15,premium,853.89,0.74,0.0155,0.000216216,303
1927,4,premium,278.57,0.385,0.0081,0.0003544327,61
1928,12,budget,50.24,0.578,0.0225,0.0005286634,84
1929,15,budget,8.73,0.91,0.0416,0.0001819824,334
1930,3,midrange,37.76,0.412,0.0179,0.0001550847,321
1931,2,budget,44.32,0.25,0.0116,0.0003353819,218
1932,12,midrange,34.79,0.443,0.0194,0.0006719239,222
1933,6,budget,11.43,0.616,0.0302,0.0002302022,255
1934,2,budget,15.65,0.866,0.0377,0.0001862537,300
1935,9,premium,423.97,0.732,0.0184,0.0002850315,84
1936,13,budget,31.06,0.939,0.0373,0.0002509629,25
1937,4,premium,1173.35,0.592,0.0089,0.0001624859,67
1938,6,budget,21.89,0.543,0.0249,0.0001883936,130
1939,14,budget,37.88,0.424,0.0184,0.0002532922,86
1940,10,budget,31.75,0.414,0.0188,0.0002966976,191
1941,14,budget,31.01,0.802,0.0325,0.0003378323,50
1942,8,budget,15.99,0.31,0.0181,0.0001903918,210
1943,15,budget,21.93,0.432,0.021,0.0003105724,259
1944,12,midrange,24.98,0.914,0.0373,0.0003049629,36
1945,3,premium,74.36,0.683,0.0244,0.0001574123,104
1946,14,budget,22.1,0.285,0.0158,0.0001526951,196
1947,9,budget,11.83,0.778,0.0358,0.0001976245,24
1948,3,budget,14.61,0.63,0.0297,0.000256973,242
1949,3,midrange,74.52,0.891,0.0317,0.0001839462,275
1950,12,midrange,25.12,0.762,0.032,0.0002000963,131
1951,1,budget,14.15,0.253,0.0166,0.0002076853,3
1952,4,midrange,134.42,0.404,0.0121,0.0001550635,182
1953,3,budget,29.1,0.443,0.0202,0.0002511923,317
1954,8,budget,17.8,0.777,0.034,0.0002065512,106
1955,8,budget,69.36,0.632,0.023,0.000167908,309
1956,10,premium,1163.67,0.811,0.0166,0.0001899541,317
1957,4,budget,33.27,0.635,0.0263,0.0025844341,102
1958,1,budget,12.62,0.496,0.0256,0.0005596619,218
1959,11,budget,23.26,0.328,0.0171,0.0005898783,15
1960,7,midrange,128.49,0.402,0.0122,0.0002359433,201
1961,12,budget,12.93,0.551,0.0274,0.0001904221,321
1962,3,budget,35.81,0.664,0.027,0.0001837,344
1963,1,budget,35.73,0.954,0.0372,0.0001527224,72
1964,4,midrange,86.88,0.43,0.0149,0.0003553983,242
1965,9,budget,40.0,0.75,0.0295,0.0001590507,24
1966,7,premium,373.88,0.364,0.0061,0.0002015559,102
1967,14,budget,24.71,0.785,0.0329,0.0004573324,304
1968,7,budget,33.95,0.259,0.0131,0.0002063541,234
1969,10,premium,138.64,0.742,0.0237,0.0001531437,143
1970,11,midrange,22.02,0.372,0.0189,0.0004083486,350
1971,1,budget,11.28,0.385,0.0222,0.000160167,276
1972,10,midrange,217.86,0.669,0.0192,0.0002484785,8
1973,7,budget,14.31,0.532,0.0263,0.0001683729,29
1974,8,budget,58.25,0.603,0.0228,0.0001958381,228
1975,3,midrange,44.61,0.482,0.0197,0.0001809356,320
1976,13,midrange,29.78,0.965,0.0384,0.0002041105,57
1977,15,budget,50.27,0.468,0.0187,0.0001645594,196
1978,1,midrange,65.44,0.657,0.0241,0.0001862465,298
1979,11,budget,11.48,0.891,0.0398,0.0002175021,314
1980,13,budget,5.18,0.748,0.038,0.0001888494,233
1981,4,premium,179.32,0.492,0.0138,0.0001655768,364
1982,13,midrange,21.44,0.664,0.0293,0.0004044527,342
1983,11,midrange,41.25,0.312,0.0141,0.0005051891,304
1984,15,midrange,103.66,0.659,0.0221,0.0005398527,244
1985,15,midrange,53.65,0.574,0.0221,0.0001713635,359
1986,1,budget,6.54,0.818,0.0396,0.0002030218,6
1987,8,premium,290.15,0.886,0.0255,0.0004798711,32
1988,11,midrange,45.42,0.4,0.0167,0.0017454393,186
1989,3,midrange,142.89,0.311,0.0085,0.0001601051,244
1990,6,budget,18.97,0.543,0.0255,0.000242927,329
1991,15,budget,9.8,0.651,0.0321,0.0001643957,247
1992,1,budget,18.47,0.533,0.0253,0.000248389,84
1993,9,budget,59.47,0.721,0.0268,0.0001911743,331
1994,14,budget,26.03,0.629,0.0272,0.0005250315,30
1995,6,midrange,179.89,0.952,0.0299,0.0001577157,34
1996,9,premium,1548.26,0.557,0.0064,0.0001829783,262
1997,15,budget,29.53,0.312,0.0155,0.0002245906,351
1998,9,budget,69.21,0.476,0.0175,0.0001867056,183
1999,3,midrange,17.37,0.704,0.0316,0.000207197,49
2000,1,budget,30.79,0.442,0.0199,0.000166984,17
2001,15,premium,1130.78,0.452,0.0042,0.0003340145,357
2002,4,budget,56.88,0.505,0.0194,0.0003521766,102
2003,10,budget,22.81,0.81,0.0341,0.000156961,233
2004,2,budget,36.65,0.955,0.0371,0.000256824,119
2005,8,premium,242.2,0.513,0.0132,0.0002117195,78
2006,15,budget,27.6,0.397,0.0188,0.0001982352,243
2007,9,midrange,68.34,0.565,0.0207,0.0002715028,269
2008,15,budget,27.22,0.514,0.023,0.0004651597,172
2009,4,budget,34.99,0.993,0.0386,0.0002330803,185
2010,10,premium,320.78,0.598,0.0149,0.0001608611,177
2011,14,budget,8.25,0.759,0.0366,0.0001563236,215
2012,9,budget,17.83,0.935,0.0395,0.000237088,294
2013,4,budget,34.18,0.722,0.0292,0.0002172764,259
2014,14,premium,461.87,0.437,0.0077,0.000179862,101
2015,7,budget,28.57,0.706,0.0295,0.0001727313,90
2016,10,budget,11.23,0.551,0.028,0.0001939871,245
2017,15,premium,1023.47,0.567,0.0086,0.0001631626,235
2018,3,midrange,73.25,0.984,0.0351,0.0001890355,134
2019,4,midrange,31.97,0.459,0.0203,0.0001711635,306
2020,1,midrange,39.91,0.602,0.0244,0.0001670558,152
2021,7,midrange,59.62,0.37,0.0145,0.0001820752,122
2022,4,budget,18.55,0.384,0.0201,0.000161076,202
2023,12,budget,8.89,0.703,0.0343,0.0007001563,70
2024,3,midrange,25.47,0.813,0.0337,0.00017191,253
2025,12,midrange,24.7,0.727,0.0308,0.0002217305,327
2026,4,premium,171.22,0.497,0.0142,0.0007876868,344
2027,7,midrange,38.38,0.295,0.0138,0.0001925603,163
2028,7,budget,33.47,0.603,0.0252,0.0009647391,98
2029,12,budget,20.29,0.628,0.0282,0.0007644463,174
2030,9,midrange,78.98,0.828,0.0293,0.0003132039,37
2031,7,budget,24.36,0.73,0.031,0.0001540403,243
2032,14,midrange,58.42,0.903,0.0332,0.0001793812,156
2033,11,midrange,24.7,0.837,0.0347,0.0003254326,44
2034,4,budget,14.05,0.524,0.0262,0.0001806823,199
2035,14,midrange,28.99,0.724,0.03,0.00016053,262
2036,7,midrange,79.9,0.81,0.0286,0.0001596773,83
2037,1,premium,284.0,0.968,0.0284,0.0001979688,147
2038,9,budget,20.36,0.567,0.0261,0.0002082293,325
2039,3,midrange,54.87,0.736,0.0277,0.0001846522,259
2040,4,budget,63.34,0.544,0.0203,0.0002827696,291
2041,13,midrange,31.49,0.803,0.0325,0.000441395,164
2042,3,budget,13.82,0.934,0.0406,0.0001716241,180
2043,14,premium,277.63,0.939,0.0275,0.0002209702,181
2044,15,premium,786.09,0.368,0.0029,0.0001616501,164
2045,11,midrange,92.07,0.403,0.0137,0.0006939933,52
2046,12,midrange,116.13,0.816,0.0271,0.0003274328,14
2047,12,budget,10.54,0.723,0.0343,0.0003687935,303
2048,15,midrange,73.22,0.929,0.0331,0.0004404256,195
2049,7,budget,32.88,0.485,0.0211,0.0001847981,194
2050,3,midrange,37.34,0.886,0.0346,0.0002149204,217
2051,10,budget,63.24,0.763,0.028,0.0005499275,150
2052,10,midrange,64.66,0.397,0.0151,0.000346134,325
2053,3,budget,13.21,0.345,0.0201,0.000390992,171
2054,11,midrange,52.49,0.777,0.0293,0.0001688861,182
2055,1,midrange,49.5,0.369,0.0153,0.0001559227,193
2056,15,budget,45.0,0.846,0.0324,0.0001641705,57
2057,4,budget,12.26,0.668,0.0317,0.0001662082,63
2058,1,midrange,66.45,0.608,0.0223,0.0002772605,65
2059,3,midrange,62.87,0.457,0.0173,0.0004403349,92
2060,4,budget,49.85,0.988,0.0369,0.0001931714,58
2061,4,budget,30.61,0.792,0.0322,0.0001991285,81
2062,1,budget,39.63,0.834,0.0325,0.000154785,342
2063,4,midrange,203.19,0.827,0.025,0.0003130989,131
2064,3,midrange,34.75,0.688,0.028,0.0004348918,289
2065,7,budget,36.28,0.955,0.0371,0.0003123673,143
2066,7,midrange,175.65,0.688,0.0208,0.0002277414,301
2067,6,midrange,50.41,0.64,0.0247,0.0001729683,274
2068,6,midrange,109.48,0.455,0.0148,0.0002660085,306
2069,2,budget,13.22,0.461,0.0242,0.0001752597,105
2070,1,budget,21.2,0.803,0.0341,0.000171937,34
2071,4,budget,10.83,0.501,0.0264,0.0001957759,112
2072,13,budget,20.79,0.797,0.034,0.0002137995,256
2073,15,budget,19.08,0.965,0.0403,0.0001947757,238
2074,15,budget,26.74,0.579,0.0253,0.0001813187,257
2075,10,budget,9.17,0.323,0.0209,0.0003039606,362
2076,10,midrange,133.72,0.75,0.0242,0.0001866452,82
2077,5,budget,21.49,0.257,0.015,0.0004280129,162
2078,13,midrange,62.37,0.84,0.0307,0.0001734903,179
2079,13,budget,8.95,0.644,0.0322,0.000257483,54
2080,14,midrange,24.49,0.617,0.027,0.0001519267,241
2081,14,budget,12.82,0.677,0.0319,0.0002603854,17
2082,8,midrange,258.41,0.637,0.0173,0.0002271407,327
2083,13,midrange,26.04,0.493,0.0224,0.0002426787,32
2084,14,budget,20.82,0.461,0.0223,0.0001521005,40
2085,5,midrange,29.42,0.561,0.0243,0.0001773161,63
2086,15,budget,34.8,0.921,0.0361,0.0002711568,325
2087,2,midrange,42.19,0.352,0.0154,0.0002045092,314
2088,15,budget,20.34,0.494,0.0235,0.0002387914,336
2089,13,budget,9.94,0.394,0.023,0.0002021373,304
2090,2,budget,9.41,0.57,0.0294,0.0003217204,337
2091,12,premium,257.75,0.35,0.0073,0.0002053065,172
2092,1,budget,11.6,0.821,0.0373,0.0001763827,1
2093,13,midrange,49.72,0.328,0.0138,0.0001694687,159
2094,14,budget,37.83,0.749,0.0297,0.001331425,80
2095,11,budget,14.31,0.451,0.0235,0.0002046222,89
2096,14,budget,33.66,0.604,0.0252,0.0002805222,252
2097,3,premium,240.2,0.4,0.0093,0.0005475933,60
2098,4,midrange,37.87,0.798,0.0314,0.0002265473,117
2099,8,budget,15.49,0.961,0.041,0.0001877552,143
2100,1,midrange,46.74,0.416,0.0172,0.0005872945,22
2101,9,budget,17.96,0.965,0.0405,0.0002185317,255
2102,4,budget,51.33,0.494,0.0195,0.0002705491,278
2103,7,midrange,94.98,0.668,0.0229,0.0002059465,203
2104,8,budget,31.24,0.776,0.0315,0.0002893588,10
2105,14,budget,14.35,0.399,0.0217,0.0001906578,287
2106,4,midrange,71.57,0.584,0.0211,0.0002755323,162
2107,14,budget,18.31,0.301,0.0172,0.0003996279,97
2108,8,premium,201.79,0.773,0.0231,0.0002260304,345
2109,6,midrange,40.94,0.562,0.0229,0.0005869369,313
2110,9,midrange,60.49,0.919,0.0336,0.0001689259,160
2111,8,midrange,47.3,0.455,0.0185,0.000599656,161
2112,4,premium,777.21,0.943,0.023,0.0002696467,332
2113,9,budget,9.8,0.356,0.0217,0.0001525675,69
2114,3,midrange,22.96,0.705,0.0304,0.0002219638,149
2115,7,budget,39.54,0.481,0.0202,0.0001580742,208
2116,11,premium,1103.17,0.386,0.002,0.0001601677,126
2117,8,budget,26.02,0.32,0.0164,0.0001573197,115
2118,14,midrange,52.79,0.742,0.028,0.0003118055,39
2119,4,midrange,163.55,0.425,0.0119,0.0003286147,97
2120,15,budget,8.81,0.68,0.0335,0.0001951067,130
2121,13,premium,214.75,0.985,0.0303,0.0001999606,305
2122,15,budget,10.01,0.487,0.0262,0.0003091865,123
2123,14,budget,11.96,0.276,0.0181,0.0001696188,58
2124,3,midrange,140.26,0.357,0.0102,0.0001551265,308
2125,10,budget,39.73,0.339,0.0152,0.0001734556,128
2126,3,budget,35.26,0.597,0.0248,0.0003781624,335
2127,14,budget,23.98,0.808,0.0338,0.00019291,39
2128,11,budget,18.9,0.472,0.0231,0.0003275356,8
2129,4,midrange,156.8,0.359,0.0098,0.0006619628,336
2130,15,premium,677.22,0.731,0.0162,0.0001543634,35
2131,3,midrange,44.77,0.476,0.0194,0.000233001,3
2132,11,budget,10.01,0.681,0.0331,0.0003014596,234
2133,12,midrange,73.39,0.95,0.0339,0.0001658273,115
2134,1,midrange,33.69,0.469,0.0204,0.0002517364,176
2135,11,midrange,53.91,0.634,0.0242,0.0001808215,149
2136,14,budget,7.16,0.855,0.0405,0.0002460853,108
2137,1,budget,17.89,0.769,0.0337,0.0001713024,175
2138,10,premium,246.44,0.814,0.0237,0.0004568305,94
2139,4,midrange,56.99,0.829,0.0308,0.0005798892,82
2140,12,budget,19.19,0.655,0.0294,0.000161136,82
2141,3,midrange,23.08,0.652,0.0285,0.000428179,43
2142,15,budget,56.93,0.789,0.0294,0.0002109402,191
2143,14,budget,13.12,0.773,0.0351,0.0001641756,200
2144,3,midrange,35.02,0.753,0.0302,0.0001714334,6
2145,6,midrange,30.54,0.537,0.0232,0.0004602387,167
2146,11,budget,30.36,0.871,0.035,0.0002457329,269
2147,12,premium,532.69,0.427,0.0067,0.0001595189,0
2148,8,midrange,81.07,0.367,0.013,0.000221202,109
2149,3,budget,7.95,0.509,0.028,0.0002914106,350
2150,3,midrange,83.02,0.44,0.0155,0.0002072094,155
2151,15,midrange,217.92,0.747,0.0219,0.0001774952,6
2152,9,midrange,71.75,0.423,0.0155,0.0004885078,192
2153,14,premium,113.45,0.742,0.0247,0.0009657044,149
2154,9,midrange,39.5,0.635,0.0256,0.0002093517,77
2155,15,budget,8.29,0.364,0.0227,0.0002196993,26
2156,2,budget,33.56,0.444,0.0196,0.0001702367,322
2157,3,midrange,139.52,0.641,0.0202,0.0002998753,296
2158,15,premium,1607.51,0.8,0.0148,0.0002324916,248
2159,15,budget,39.76,0.549,0.0225,0.000161969,6
2160,5,budget,10.97,0.425,0.0237,0.0002227196,317
2161,7,midrange,183.24,0.471,0.013,0.0001831181,172
2162,9,budget,18.05,0.321,0.018,0.0001778014,173
2163,8,budget,19.08,0.269,0.0159,0.0002204306,320
2164,3,premium,431.08,0.98,0.027,0.0001672079,157
2165,14,midrange,19.8,0.322,0.0176,0.0003962285,86
2166,4,premium,1142.31,0.344,0.002,0.0001716918,86
2167,12,midrange,209.36,0.903,0.0275,0.000302658,338
2168,1,budget,27.3,0.748,0.0311,0.0001587338,198
2169,1,premium,650.67,0.577,0.011,0.0002900916,211
2170,12,budget,15.41,0.737,0.0332,0.0001962512,216
2171,6,budget,9.81,0.951,0.0426,0.0001679595,80
2172,12,premium,820.63,0.325,0.002,0.0007073719,153
2173,2,midrange,92.78,0.433,0.0147,0.0001906023,347
2174,15,premium,1294.92,0.895,0.0191,0.0001833202,53
2175,13,budget,5.98,0.835,0.0405,0.0002704561,347
2176,14,premium,176.33,0.996,0.0315,0.0002400392,99
2177,3,midrange,35.67,0.485,0.0208,0.0002318057,107
2178,6,midrange,128.55,0.959,0.0317,0.0003989838,5
2179,7,premium,740.31,0.508,0.008,0.0002540152,242
2180,11,budget,38.49,0.786,0.031,0.0001938824,116
2181,4,midrange,57.22,0.912,0.0336,0.0002216708,167
2182,1,midrange,56.48,0.378,0.015,0.0001668406,211
2183,7,midrange,22.79,0.404,0.0199,0.0002641768,231
2184,4,premium,259.08,0.686,0.019,0.0002079179,348
2185,7,midrange,48.63,0.883,0.0333,0.0001896925,202
2186,4,budget,29.67,0.309,0.0154,0.0002878003,64
2187,4,budget,23.16,0.888,0.0368,0.0006614306,256
2188,11,premium,214.03,0.507,0.0136,0.0002630699,20
2189,7,premium,484.51,0.555,0.0116,0.0001786398,307
2190,7,premium,822.98,0.505,0.0075,0.0001925275,108
2191,10,budget,14.16,0.934,0.0404,0.0003806438,263
2192,13,budget,9.45,0.348,0.0216,0.0001819727,57
2193,7,midrange,100.62,0.681,0.023,0.0002418059,148
2194,11,midrange,102.23,0.361,0.0118,0.0001980207,253
2195,15,budget,43.2,0.946,0.0361,0.0001599085,226
2196,10,midrange,45.95,0.848,0.0324,0.0001988923,2
2197,14,budget,15.81,0.425,0.0222,0.0001754028,12
2198,13,budget,29.04,0.473,0.0213,0.0002016704,358
2199,1,budget,12.62,0.536,0.027,0.0003078918,193
2200,8,budget,23.16,0.554,0.0251,0.0002167445,312
2201,12,budget,51.07,0.863,0.0324,0.0001819629,26
2202,15,premium,164.62,0.673,0.0206,0.0001547532,179
2203,9,midrange,146.47,0.571,0.0175,0.0002901861,210
2204,2,premium,1016.84,0.79,0.0165,0.000362597,336
2205,11,budget,7.52,0.593,0.0311,0.0001587328,259
2206,3,budget,20.44,0.346,0.0183,0.0002589178,229
2207,13,budget,12.2,0.331,0.02,0.0001817759,107
2208,10,midrange,188.98,0.494,0.0137,0.0001612589,362
2209,12,budget,43.69,0.702,0.0275,0.0001528294,119
2210,14,midrange,120.9,0.351,0.0107,0.0003792152,101
2211,11,midrange,21.32,0.663,0.0292,0.0001539083,264
2212,11,premium,591.4,0.452,0.0071,0.0001776396,363
2213,13,budget,30.33,0.772,0.0315,0.0006364723,312
2214,14,midrange,69.63,0.271,0.0103,0.0001565245,65
2215,14,budget,17.9,0.602,0.0278,0.0001556094,297
2216,1,budget,6.27,0.289,0.0212,0.0001695191,128
2217,11,midrange,121.37,0.498,0.0158,0.0006797285,81
2218,4,midrange,33.11,0.262,0.0133,0.0002629473,341
2219,14,midrange,35.4,0.602,0.0249,0.0002168903,346
2220,12,budget,45.35,0.825,0.0316,0.0004132828,135
2221,8,premium,1710.54,0.325,0.002,0.0001715553,9
2222,3,premium,948.81,0.801,0.0172,0.0002545675,76
2223,6,budget,22.44,0.688,0.0299,0.0001981379,197
2224,12,premium,166.74,0.628,0.0189,0.0001710347,21
2225,4,budget,23.97,0.7,0.03,0.0002200536,82
2226,2,midrange,31.28,0.502,0.0219,0.0003022753,54
2227,14,premium,766.7,0.783,0.0175,0.0002086528,347
2228,13,midrange,54.1,0.835,0.0312,0.0001858216,129
2229,4,midrange,72.72,0.834,0.0298,0.0001594766,138
2230,4,budget,10.53,0.452,0.0248,0.0002299453,153
2231,15,midrange,66.49,0.74,0.027,0.0001792482,4
2232,12,midrange,156.96,0.361,0.0099,0.0001862482,197
2233,11,budget,22.9,0.622,0.0275,0.0001866661,333
2234,5,budget,9.34,0.252,0.0183,0.0002045844,296
2235,4,midrange,42.48,0.395,0.0169,0.0001979374,91
2236,1,midrange,45.2,0.724,0.0281,0.0003717262,4
2237,12,budget,8.61,0.906,0.0415,0.000216674,282
2238,1,premium,965.53,0.287,0.002,0.0002629477,307
2239,1,midrange,80.03,0.669,0.0236,0.0002260503,336
2240,12,budget,8.5,0.728,0.0353,0.0001544159,210
2241,15,budget,40.07,0.949,0.0365,0.0001756184,172
2242,13,midrange,35.47,0.741,0.0298,0.0001658677,276
2243,9,midrange,53.22,0.327,0.0135,0.0002210525,251
2244,9,midrange,108.73,0.36,0.0115,0.0005654626,276
2245,8,budget,10.01,0.727,0.0346,0.0001623018,103
2246,6,midrange,79.65,0.412,0.0147,0.0001948549,329
2247,10,midrange,185.25,0.946,0.0296,0.0002178975,13
2248,8,midrange,249.52,0.941,0.0281,0.0001826231,34
2249,11,budget,11.07,0.961,0.0424,0.000236908,238
2250,14,midrange,72.93,0.47,0.0171,0.0001871185,208
2251,15,budget,12.93,0.788,0.0357,0.0001961704,202
2252,2,budget,23.17,0.747,0.0318,0.0003001206,331
2253,7,midrange,37.36,0.277,0.0133,0.0002077838,317
2254,3,midrange,56.67,0.449,0.0175,0.0002699286,262
2255,7,midrange,31.18,0.405,0.0186,0.0002166278,60
2256,4,midrange,236.48,0.528,0.0139,0.0001705613,35
2257,3,budget,28.93,0.965,0.0385,0.0001842324,51
2258,13,budget,9.34,0.884,0.0404,0.0002287494,224
2259,9,budget,44.58,0.47,0.0193,0.0001953839,260
2260,14,budget,6.46,0.648,0.0336,0.0001573038,291
2261,1,midrange,97.12,0.394,0.0132,0.0002331031,37
2262,1,midrange,35.51,0.458,0.0198,0.0002559497,100
2263,8,midrange,43.75,0.299,0.0134,0.0001693695,123
2264,2,budget,29.39,0.732,0.0303,0.0004474611,230
2265,4,budget,23.11,0.743,0.0317,0.0002070317,16
2266,15,budget,23.83,0.879,0.0363,0.0001601133,306
2267,4,midrange,93.83,0.904,0.0311,0.0001688,29
2268,4,budget,10.11,0.37,0.0221,0.0002128631,191
2269,11,midrange,20.71,0.807,0.0344,0.0001607033,340
2270,9,midrange,116.44,0.351,0.0108,0.0001990833,70
2271,11,midrange,72.87,0.53,0.0192,0.0003990502,250
2272,7,budget,7.05,0.637,0.0329,0.0006052723,200
2273,14,budget,11.43,0.287,0.0187,0.0003504737,299
2274,3,midrange,62.08,0.368,0.0142,0.0001970642,214
2275,8,midrange,137.45,0.453,0.0137,0.0003336428,309
2276,12,budget,37.25,0.346,0.0157,0.0002622634,147
2277,14,premium,237.89,0.951,0.0286,0.000290851,59
2278,7,budget,19.36,0.466,0.0228,0.000245121,248
2279,11,budget,17.81,0.626,0.0287,0.0001693605,353
2280,1,budget,10.74,0.997,0.0438,0.0002637911,158
2281,3,budget,5.4,0.675,0.0353,0.0002454615,299
2282,1,budget,5.78,0.559,0.0309,0.0002829582,320
2283,12,budget,37.85,0.947,0.0367,0.0001628131,235
2284,4,midrange,46.42,0.417,0.0172,0.0001960908,288
2285,12,budget,25.0,0.385,0.0188,0.0001629362,205
2286,1,premium,382.97,0.652,0.016,0.0001582709,293
2287,14,premium,225.24,0.57,0.0156,0.0001555687,122
2288,14,budget,28.6,0.848,0.0344,0.0003909948,192
2289,2,budget,30.61,0.282,0.0143,0.0002312569,28
2290,1,midrange,20.07,0.713,0.0313,0.0002305679,71
2291,1,premium,642.33,0.783,0.0183,0.0018039602,211
2292,14,premium,297.45,0.979,0.0286,0.0001678642,264
2293,4,budget,18.05,0.359,0.0193,0.0002048726,10
2294,11,budget,24.01,0.435,0.0207,0.0002189912,25
2295,8,budget,38.81,0.949,0.0366,0.000292924,2
2296,13,midrange,31.24,0.723,0.0297,0.0001899893,188
2297,9,midrange,269.45,0.279,0.0045,0.0002204038,122
2298,9,budget,34.45,0.308,0.0147,0.0001856968,19
2299,15,midrange,103.31,0.839,0.0285,0.0004187266,289
2300,3,budget,5.58,0.676,0.0352,0.0002295267,192
2301,14,midrange,32.84,0.674,0.0277,0.0004768619,3
2302,1,budget,14.09,0.91,0.0396,0.0002398027,250
2303,9,midrange,124.22,0.431,0.0133,0.0003161598,332
2304,14,midrange,54.85,0.37,0.0149,0.0002682717,153
2305,12,midrange,125.13,0.71,0.0231,0.000167144,346
2306,12,budget,11.92,0.912,0.0404,0.0001735431,152
2307,4,midrange,139.85,0.449,0.0134,0.0001813187,28
2308,8,midrange,195.32,0.761,0.0229,0.0002336789,44
2309,7,budget,29.97,0.364,0.0173,0.0003674338,24
2310,10,budget,41.14,0.379,0.0164,0.0002433491,110
2311,9,midrange,218.92,0.926,0.0281,0.0002024042,140
2312,6,budget,10.18,0.338,0.021,0.0001676914,162
2313,5,budget,32.23,0.268,0.0136,0.0002040219,175
2314,4,budget,63.15,0.831,0.0304,0.0005438231,315
2315,7,budget,20.38,0.522,0.0245,0.0002453464,4
2316,3,budget,7.51,0.547,0.0295,0.0001792183,327
2317,14,midrange,159.56,0.85,0.0269,0.0002792361,87
2318,11,budget,7.89,0.385,0.0236,0.000161596,348
2319,3,midrange,33.76,0.738,0.0299,0.0002595545,49
2320,12,budget,9.93,0.485,0.0262,0.0001679449,36
2321,14,budget,13.6,0.328,0.0194,0.0001527126,44
2322,4,budget,20.86,0.766,0.0329,0.0002150012,108
2323,3,midrange,47.52,0.489,0.0196,0.0002856595,343
2324,1,premium,950.49,0.9,0.0206,0.0002890586,168
2325,1,budget,15.01,0.939,0.0404,0.0003533856,60
2326,13,budget,13.36,0.887,0.039,0.0002075473,234
2327,15,budget,48.88,0.492,0.0196,0.0001923374,185
2328,1,budget,29.75,0.427,0.0195,0.0002539318,256
2329,13,midrange,26.74,0.92,0.0372,0.0003678591,270
2330,2,budget,7.69,0.59,0.0309,0.000166467,286
2331,11,premium,425.22,0.781,0.0201,0.0003087001,55
2332,13,midrange,101.05,0.87,0.0296,0.0004596835,180
2333,7,budget,19.54,0.458,0.0224,0.0003278495,230
2334,1,midrange,30.36,0.339,0.0164,0.0001865956,203
2335,11,budget,24.72,0.719,0.0305,0.0003015344,354
2336,15,midrange,118.85,0.693,0.0227,0.0001888159,350
2337,4,budget,28.0,0.453,0.0207,0.0001797725,296
2338,3,midrange,107.64,0.689,0.023,0.0006547633,87
2339,3,midrange,90.47,0.843,0.0292,0.0002268246,193
2340,11,budget,21.32,0.513,0.024,0.0003392614,293
2341,11,midrange,79.73,0.432,0.0154,0.0002088044,97
2342,13,budget,17.99,0.794,0.0345,0.0002008623,259
2343,13,budget,13.65,0.839,0.0373,0.000253691,90
2344,14,midrange,49.27,0.966,0.0362,0.0003128586,51
2345,14,budget,22.28,0.361,0.0185,0.0002525061,87
2346,4,premium,654.06,0.917,0.0229,0.0002100339,338
2347,11,midrange,54.3,0.824,0.0308,0.0001923514,363
2348,4,midrange,39.49,0.776,0.0305,0.0001857653,312
2349,6,budget,35.35,0.485,0.0208,0.0001564366,99
2350,15,budget,30.09,0.267,0.0139,0.0002595033,284
2351,12,premium,255.54,0.631,0.0171,0.0002358443,79
2352,15,budget,16.79,0.464,0.0233,0.0001748009,46
2353,8,midrange,55.84,0.467,0.0182,0.0002107819,94
2354,11,budget,38.56,0.945,0.0365,0.0002815065,50
2355,9,budget,52.76,0.365,0.0148,0.0001927538,233
2356,3,midrange,55.4,0.951,0.0351,0.0005716332,249
2357,4,midrange,72.26,0.628,0.0227,0.0001656074,13
2358,10,midrange,146.44,0.879,0.0283,0.0001780198,39
2359,1,premium,337.04,0.463,0.01,0.0003077258,174
2360,15,budget,58.5,0.725,0.027,0.0003023625,41
2361,3,budget,5.41,0.667,0.035,0.0002401755,302
2362,4,budget,9.61,0.943,0.0424,0.0002229942,146
2363,13,midrange,55.07,0.384,0.0153,0.0001681611,150
2364,2,budget,11.29,0.403,0.0228,0.0001718643,1
2365,14,midrange,67.07,0.962,0.0347,0.0002082606,256
2366,12,budget,33.9,0.323,0.0153,0.0001764186,263
2367,1,midrange,25.86,0.726,0.0306,0.0001592156,276
2368,12,midrange,61.61,0.295,0.0117,0.0002666385,197
2369,11,premium,495.65,0.308,0.0028,0.0007488026,98
2370,13,budget,25.42,0.698,0.0297,0.0001962493,28
2371,14,premium,289.36,0.664,0.0177,0.0001936708,115
2372,12,budget,10.64,0.68,0.0327,0.000209122,198
2373,11,budget,18.07,0.605,0.0279,0.0001667251,42
2374,6,budget,21.47,0.807,0.0342,0.000220064,19
2375,12,budget,33.25,0.994,0.0389,0.000244116,79
2376,15,midrange,92.52,0.457,0.0156,0.0001666574,25
2377,11,budget,9.75,0.493,0.0266,0.0002026801,5
2378,12,budget,32.1,0.492,0.0215,0.0003303109,177
2379,8,midrange,101.29,0.822,0.028,0.0001671954,271
2380,13,midrange,23.32,0.511,0.0235,0.0002588376,182
2381,15,midrange,94.06,0.758,0.026,0.0002158844,33
2382,3,midrange,129.74,0.584,0.0185,0.0001609784,123
2383,4,budget,37.16,0.706,0.0283,0.0001875641,12
2384,11,midrange,35.68,0.872,0.0343,0.0001881786,226
2385,9,budget,39.05,0.636,0.0256,0.0001713178,85
2386,11,budget,9.81,0.606,0.0305,0.0002191731,141
2387,1,budget,17.09,0.45,0.0227,0.0001549373,329
2388,8,midrange,103.28,0.637,0.0214,0.00054291,214
2389,11,budget,9.14,0.447,0.0252,0.0001919211,279
2390,11,midrange,39.74,0.883,0.0342,0.0001999881,127
2391,12,budget,46.86,0.542,0.0216,0.0001794059,339
2392,12,budget,11.63,0.347,0.0207,0.0001673903,260
2393,12,budget,35.26,0.43,0.0189,0.0002982695,188
2394,13,budget,18.17,0.651,0.0295,0.0002044189,211
2395,11,budget,16.24,0.937,0.04,0.0001801758,227
2396,11,midrange,25.03,0.475,0.022,0.0005056365,58
2397,11,midrange,29.0,0.448,0.0204,0.0002695821,91
2398,3,budget,6.95,0.555,0.0301,0.0001929225,250
2399,4,midrange,108.54,0.976,0.033,0.0003585603,160
2400,10,budget,61.87,0.884,0.0323,0.0002682033,286
2401,14,budget,31.23,0.362,0.0171,0.0002125756,191
2402,12,budget,7.39,0.71,0.0353,0.0003515859,24
2403,2,budget,13.01,0.844,0.0377,0.0002067965,242
2404,11,budget,7.62,0.826,0.0392,0.0001822619,222
2405,4,midrange,255.07,0.617,0.0166,0.0002976562,133
2406,12,budget,11.29,0.799,0.0367,0.0001876143,288
2407,14,midrange,27.67,0.688,0.029,0.0002463388,128
2408,11,budget,19.39,0.401,0.0205,0.0002741506,41
2409,11,midrange,62.8,0.292,0.0115,0.0017999809,44
2410,6,midrange,47.05,0.527,0.021,0.0003996021,329
2411,8,budget,37.61,0.296,0.0139,0.0001617897,137
2412,14,budget,6.48,0.546,0.0301,0.0001588983,151
2413,12,midrange,24.42,0.872,0.0359,0.0003298309,111
2414,10,premium,161.62,0.883,0.028,0.0001890532,269
2415,7,premium,247.57,0.276,0.0048,0.0001531336,221
2416,1,budget,40.84,0.302,0.0138,0.0002541296,328
2417,3,midrange,53.75,0.752,0.0283,0.0003026639,326
2418,3,budget,22.17,0.625,0.0277,0.0001656915,361
2419,7,budget,12.26,0.362,0.021,0.0002235892,120
2420,15,midrange,132.59,0.854,0.0279,0.0002941795,213
2421,10,budget,60.97,0.412,0.0159,0.0001682979,126
2422,4,midrange,65.62,0.309,0.0119,0.0001608873,257
2423,3,midrange,145.04,0.812,0.026,0.0001705362,273
2424,6,budget,31.1,0.706,0.0291,0.0002627848,91
2425,14,midrange,92.09,0.546,0.0187,0.0001538285,313
2426,7,budget,10.66,0.77,0.0359,0.0002180792,105
2427,13,budget,17.31,0.934,0.0396,0.0001913573,358
2428,14,budget,14.93,0.276,0.0172,0.0002080672,310
2429,3,premium,865.46,0.721,0.0148,0.0001647837,6
2430,11,budget,34.36,0.414,0.0184,0.0001862901,145
2431,15,budget,18.21,0.606,0.0279,0.0002030395,141
2432,8,midrange,260.05,0.568,0.0148,0.000154741,300
2433,1,premium,849.93,0.542,0.0086,0.0001579951,264
2434,15,premium,566.81,0.393,0.0052,0.0006031019,18
2435,14,midrange,21.29,0.852,0.0359,0.000153605,306
2436,10,budget,12.03,0.535,0.0272,0.000344206,79
2437,11,midrange,21.91,0.915,0.0379,0.0002386015,134
2438,4,midrange,37.9,0.516,0.0216,0.0001526292,62
2439,14,premium,1004.82,0.88,0.0197,0.0001705947,57
2440,9,midrange,49.53,0.658,0.0254,0.0004809678,192
2441,1,budget,23.04,0.539,0.0246,0.000153543,30
2442,12,budget,25.31,0.778,0.0325,0.0002414338,29
2443,15,midrange,109.23,0.84,0.0282,0.0002386272,286
2444,14,budget,8.09,0.612,0.0315,0.0003311449,125
2445,4,budget,28.82,0.569,0.0246,0.0002590408,236
2446,1,budget,20.2,0.683,0.0302,0.0002794241,359
2447,15,midrange,95.58,0.689,0.0235,0.0002015682,18
2448,15,midrange,41.09,0.569,0.0231,0.0001924726,289
2449,10,midrange,142.08,0.818,0.0263,0.0002378712,40
2450,12,midrange,27.49,0.55,0.0242,0.0001865464,277
2451,9,midrange,113.91,0.59,0.0193,0.0002022179,111
2452,8,midrange,84.69,0.704,0.0246,0.0002234932,49
2453,3,budget,8.02,0.99,0.0448,0.0001772413,83
2454,2,midrange,147.26,0.446,0.0131,0.0002185002,133
2455,4,budget,12.78,0.424,0.023,0.0001713457,266
2456,14,budget,34.95,0.383,0.0173,0.0001595305,248
2457,3,budget,28.79,0.767,0.0316,0.0001795491,265
2458,4,midrange,66.03,0.587,0.0216,0.0001593899,7
2459,11,midrange,36.18,0.541,0.0227,0.0001647989,355
2460,4,premium,192.09,0.403,0.0104,0.0003392474,158
2461,3,premium,780.12,0.918,0.0222,0.0002098051,40
2462,11,premium,423.06,0.582,0.0132,0.0001547409,338
2463,7,budget,6.84,0.706,0.0354,0.0009993705,289
2464,11,premium,312.83,0.334,0.0058,0.0001634903,30
2465,14,midrange,21.47,0.331,0.0176,0.0001874529,159
2466,3,premium,321.21,0.301,0.0045,0.0001617994,330
2467,14,budget,14.87,0.526,0.026,0.0002382962,249
2468,14,budget,6.3,0.605,0.0322,0.00022014,71
2469,14,premium,662.02,0.433,0.0059,0.0002432164,255
2470,11,budget,9.42,0.512,0.0274,0.000191422,69
2471,11,budget,16.53,0.255,0.016,0.0009818509,128
2472,11,budget,20.12,0.513,0.0242,0.0005041049,71
2473,12,budget,48.8,0.339,0.0143,0.0003767601,253
2474,1,budget,15.49,0.346,0.0195,0.0001588241,339
2475,15,premium,1321.96,0.253,0.002,0.0002583478,16
2476,11,premium,208.77,0.772,0.023,0.0005337482,220
2477,13,premium,654.81,0.948,0.024,0.0003095849,90
2478,7,budget,10.32,0.716,0.0341,0.0001533036,274
2479,1,budget,23.82,0.322,0.0168,0.0002958487,50
2480,10,budget,10.4,0.992,0.0438,0.0001859477,133
2481,10,budget,63.47,0.982,0.0356,0.0002257668,75
2482,8,budget,66.59,0.601,0.0221,0.0001693345,318
2483,6,midrange,75.69,0.331,0.0121,0.0001533791,30
2484,4,premium,522.69,0.791,0.0195,0.0001527465,212
2485,10,midrange,107.89,0.971,0.0329,0.0002069732,43
2486,7,budget,11.16,0.834,0.0379,0.0001553692,218
2487,15,budget,31.87,0.718,0.0294,0.0001821284,280
2488,3,budget,19.79,0.708,0.0311,0.0002531596,274
2489,6,budget,24.75,0.983,0.0398,0.0002801175,12
2490,4,budget,12.08,0.305,0.0191,0.0005823299,282
2491,11,budget,35.38,0.362,0.0165,0.0003249617,108
2492,9,midrange,40.01,0.873,0.0338,0.0001716097,248
2493,12,midrange,93.24,0.359,0.0121,0.0002650568,351
2494,15,budget,10.08,0.537,0.028,0.0002291739,43
2495,4,budget,12.04,0.461,0.0246,0.0001925706,132
2496,12,budget,7.32,0.433,0.0256,0.0003398273,316
2497,1,budget,11.91,0.269,0.0179,0.0001922109,51
2498,4,midrange,121.88,0.675,0.022,0.0002480921,95
2499,9,midrange,97.75,0.551,0.0186,0.0001718976,200
2500,1,premium,492.99,0.664,0.0153,0.0002514063,363
2501,11,midrange,81.54,0.478,0.0169,0.0002014608,107
2502,12,budget,9.31,0.956,0.043,0.0001905643,140
2503,13,budget,5.32,0.694,0.036,0.0002015792,290
2504,10,budget,30.68,0.971,0.0384,0.0002237233,43
2505,11,budget,20.7,0.513,0.0241,0.0004152056,119
2506,7,premium,406.92,0.252,0.002,0.0002389141,115
2507,1,budget,9.4,0.836,0.0387,0.0002426272,146
2508,3,budget,24.82,0.871,0.0358,0.0001596602,209
2509,12,budget,8.18,0.294,0.0203,0.0003364456,80
2510,15,budget,29.28,0.719,0.0298,0.0002849621,142
2511,1,premium,117.35,0.746,0.0246,0.0001547325,334
2512,11,budget,20.75,0.359,0.0187,0.0005485632,302
2513,13,budget,10.99,0.664,0.0321,0.0001818711,349
2514,14,budget,22.67,0.432,0.0209,0.0001562317,249
2515,11,midrange,20.75,0.262,0.0153,0.0005915613,212
2516,11,midrange,62.65,0.9,0.0328,0.000171535,77
2517,12,midrange,32.17,0.619,0.0259,0.000222648,57
2518,14,budget,21.09,0.836,0.0353,0.0002581346,196
2519,3,budget,6.17,0.792,0.0389,0.0001778603,147
2520,15,midrange,32.08,0.995,0.0391,0.0003549778,287
2521,1,budget,24.1,0.578,0.0257,0.0002476518,3
2522,14,budget,6.06,0.571,0.0312,0.0002408594,325
2523,2,midrange,40.92,0.461,0.0193,0.0002379134,62
2524,4,budget,47.26,0.719,0.0277,0.0002187301,144
2525,1,budget,29.27,0.615,0.0262,0.0003082765,130
2526,8,midrange,212.11,0.797,0.0238,0.0001666078,337
2527,6,budget,16.58,0.517,0.0252,0.0002010205,262
2528,3,budget,14.04,0.348,0.02,0.0001963479,13
2529,9,budget,44.29,0.897,0.0342,0.0002029324,311
2530,8,midrange,43.88,0.871,0.0334,0.0002851358,246
2531,13,budget,20.39,0.513,0.0242,0.0002502842,24
2532,14,budget,6.49,0.768,0.0378,0.0002083299,285
2533,12,midrange,174.06,0.619,0.0184,0.0002233153,12
2534,3,midrange,65.51,0.821,0.0298,0.0002973022,155
2535,4,premium,482.82,0.543,0.0112,0.0004762773,59
2536,14,budget,14.16,0.652,0.0306,0.0001737107,4
2537,2,budget,10.8,0.293,0.0192,0.0003308769,204
2538,8,midrange,69.44,0.381,0.0142,0.0001880941,250
2539,15,midrange,134.88,0.836,0.0272,0.0003813619,175
2540,15,budget,24.35,0.536,0.0242,0.0002451518,125
2541,8,midrange,103.9,0.276,0.0087,0.0001744371,187
2542,12,budget,10.4,0.376,0.0222,0.000254455,55
2543,9,midrange,141.64,0.559,0.0172,0.0001937415,18
2544,13,midrange,37.36,0.788,0.0312,0.0001803033,57
2545,1,budget,8.28,0.523,0.0283,0.0002365955,19
2546,3,premium,837.63,0.809,0.018,0.000198259,280
2547,11,premium,309.45,0.894,0.0255,0.000161821,222
2548,4,budget,25.99,0.506,0.0229,0.0004423194,68
2549,12,budget,50.71,0.85,0.032,0.0002041431,208
2550,7,midrange,47.83,0.345,0.0146,0.0001703823,176
2551,14,budget,35.66,0.561,0.0234,0.0001739267,40
2552,14,budget,21.63,0.323,0.0173,0.0002001778,354
2553,9,budget,33.38,0.289,0.0142,0.0005944832,342
2554,13,premium,130.39,0.298,0.0085,0.0002293343,276
2555,4,budget,9.96,0.329,0.0207,0.0001540827,295
2556,9,midrange,81.32,0.877,0.0308,0.0001579559,199
2557,4,budget,9.15,0.658,0.0326,0.0003049782,293
2558,14,budget,6.15,0.961,0.0448,0.0001759962,192
2559,14,premium,373.92,0.654,0.0162,0.0003305864,60
2560,14,budget,22.96,0.722,0.031,0.0001713013,61
2561,14,budget,7.48,0.388,0.024,0.0003033409,311
2562,15,budget,35.82,0.655,0.0267,0.0001802436,162
2563,4,midrange,240.94,0.539,0.0142,0.0002098953,266
2564,15,budget,36.6,0.949,0.0369,0.0002094345,52
2565,11,budget,26.98,0.95,0.0383,0.0002084824,163
2566,8,budget,39.98,0.399,0.0173,0.000252756,30
2567,11,budget,8.73,0.715,0.0348,0.0001560109,80
2568,7,budget,13.27,0.729,0.0335,0.0001802168,39
2569,4,midrange,240.69,0.672,0.0188,0.0001568001,75
2570,4,budget,33.99,0.343,0.016,0.0004586317,221
2571,2,budget,36.75,0.741,0.0296,0.0002011257,1
2572,9,midrange,261.09,0.849,0.0247,0.0002897147,70
2573,14,midrange,29.56,0.509,0.0224,0.0001655668,252
2574,11,budget,10.61,0.636,0.0312,0.0001583022,54
2575,10,budget,31.91,0.337,0.0161,0.0002077118,202
2576,8,budget,10.23,0.948,0.0423,0.0002072559,316
2577,9,premium,614.08,0.332,0.0027,0.0001875056,284
2578,4,budget,45.75,0.406,0.0169,0.0002233616,44
2579,14,budget,18.25,0.474,0.0233,0.0001732283,53
2580,4,budget,16.26,0.869,0.0376,0.0004644358,257
2581,12,budget,30.2,0.775,0.0317,0.0001690159,126
2582,13,budget,6.36,0.255,0.02,0.0002485307,152
2583,11,budget,33.68,0.388,0.0176,0.0005104655,174
2584,14,midrange,22.19,0.813,0.0343,0.0001780688,211
2585,4,midrange,199.35,0.553,0.0155,0.0002486443,163
2586,14,midrange,53.08,0.27,0.0115,0.0001708628,8
2587,12,midrange,60.02,0.973,0.0356,0.0003457702,34
2588,14,budget,14.62,0.363,0.0203,0.000163815,0
2589,12,premium,176.87,0.633,0.0188,0.0002209458,96
2590,14,midrange,48.6,0.436,0.0177,0.0003023823,298
2591,15,midrange,176.57,0.803,0.0248,0.0001909618,354
2592,8,midrange,188.72,0.833,0.0255,0.0002742335,173
2593,14,budget,7.41,0.548,0.0296,0.0007690279,9
2594,13,budget,18.4,0.744,0.0327,0.0001704259,26
2595,9,budget,52.4,0.932,0.0347,0.0003119375,297
2596,15,budget,42.71,0.861,0.0331,0.0008002516,125
2597,7,budget,15.12,0.561,0.0271,0.0002047446,321
2598,11,budget,6.12,0.581,0.0315,0.0001595283,184
2599,3,budget,31.63,0.915,0.0363,0.0001931147,320
2600,4,premium,375.14,0.276,0.003,0.0001578324,49
2601,14,midrange,39.29,0.267,0.0127,0.0003284942,313
2602,7,midrange,113.45,0.404,0.0128,0.0002662854,199
2603,7,budget,10.92,0.871,0.0393,0.000185706,159
2604,4,midrange,187.15,0.365,0.0092,0.000164322,192
2605,9,premium,170.29,0.464,0.0131,0.0005660113,119
2606,14,midrange,90.51,0.722,0.0249,0.0001813109,220
2607,14,midrange,148.41,0.388,0.0111,0.000335827,281
2608,1,budget,42.59,0.477,0.0197,0.0002787013,295
2609,11,budget,35.71,0.6,0.0248,0.0003871487,357
2610,9,midrange,210.55,0.421,0.0106,0.0002235596,150
2611,11,premium,171.47,0.994,0.0316,0.0002765028,280
2612,8,budget,68.31,0.373,0.014,0.0001867175,324
2613,7,budget,41.6,0.887,0.0342,0.0002504229,6
2614,9,budget,27.36,0.603,0.026,0.0005285505,173
2615,11,budget,12.48,0.347,0.0204,0.0001890261,255
2616,9,premium,185.59,0.339,0.0083,0.0001609016,166
2617,9,midrange,113.77,0.625,0.0205,0.0001574945,36
2618,14,budget,21.88,0.515,0.0239,0.0004160846,239
2619,13,budget,10.69,0.426,0.0238,0.0007484991,148
2620,7,budget,14.54,0.969,0.0416,0.0003605794,225
2621,14,budget,16.93,0.598,0.0279,0.0001884126,0
2622,14,midrange,18.9,0.947,0.0397,0.0001898115,4
2623,3,midrange,132.49,0.373,0.011,0.0001920518,220
2624,11,midrange,34.99,0.388,0.0174,0.0003943289,358
2625,4,budget,11.91,0.697,0.0329,0.0003007112,233
2626,13,midrange,15.98,0.452,0.0231,0.0002221329,344
2627,4,midrange,196.48,0.389,0.0098,0.0001737607,309
2628,12,budget,39.97,0.321,0.0145,0.0001706524,102
2629,4,midrange,36.86,0.307,0.0144,0.0003617917,37
2630,10,midrange,40.54,0.815,0.0318,0.0001622833,203
2631,15,midrange,73.03,0.462,0.0168,0.0001817809,226
2632,7,budget,9.33,0.984,0.0439,0.0002059147,281
2633,14,budget,23.49,0.387,0.0192,0.0002012653,190
2634,15,budget,9.2,0.516,0.0276,0.0003646453,335
2635,14,budget,16.14,0.531,0.0258,0.0001557256,308
2636,3,budget,10.48,0.625,0.0309,0.0003908865,213
2637,14,midrange,49.38,0.903,0.034,0.0001824438,201
2638,1,budget,13.48,0.876,0.0386,0.0002605086,6
2639,7,budget,8.73,0.257,0.0188,0.0003335304,285
2640,14,premium,141.54,0.557,0.0172,0.0001615801,248
2641,12,budget,8.0,0.871,0.0406,0.0001628708,327
2642,10,budget,10.98,0.25,0.0176,0.0004942314,33
2643,7,midrange,183.31,0.65,0.0193,0.0002279263,53
2644,14,budget,9.37,0.445,0.025,0.0002125699,244
2645,12,budget,13.03,0.56,0.0277,0.0001688763,178
2646,9,midrange,41.09,0.565,0.023,0.0001646075,214
2647,14,budget,24.42,0.544,0.0245,0.0001933751,158
2648,4,budget,57.73,0.919,0.0338,0.0003543627,233
2649,3,budget,23.79,0.652,0.0284,0.0002848355,240
2650,12,midrange,89.91,0.928,0.0322,0.0001656654,69
2651,15,budget,42.15,0.795,0.0309,0.0002414139,277
2652,4,midrange,72.67,0.513,0.0186,0.0001565236,180
2653,4,budget,50.68,0.62,0.024,0.0003615019,210
2654,3,midrange,93.35,0.542,0.0185,0.0002117484,225
2655,14,budget,5.35,0.871,0.0422,0.0001628298,271
2656,4,budget,23.97,0.391,0.0192,0.0002290832,109
2657,9,midrange,55.58,0.952,0.0352,0.0001910311,2
2658,15,midrange,32.99,0.685,0.0281,0.0002207422,66
2659,1,budget,31.51,0.709,0.0291,0.0004178051,352
2660,11,budget,5.64,0.638,0.0338,0.0003445375,81
2661,10,budget,37.9,0.666,0.0268,0.0003352815,91
2662,14,budget,39.06,0.751,0.0297,0.0003722685,313
2663,7,midrange,61.66,0.741,0.0273,0.0001876704,86
2664,8,budget,20.58,0.411,0.0205,0.0009719409,169
2665,3,budget,16.42,0.687,0.0312,0.0001964907,135
2666,13,budget,23.97,0.516,0.0236,0.0015240681,241
2667,13,budget,7.69,0.728,0.0357,0.0001864259,217
2668,3,budget,8.03,0.661,0.0332,0.0001695147,187
2669,7,budget,21.8,0.385,0.0194,0.0002129231,183
2670,14,budget,35.44,0.801,0.0319,0.0001520141,304
2671,1,premium,186.1,0.593,0.0172,0.0002268075,212
2672,4,budget,19.16,0.664,0.0297,0.0003703557,185
2673,11,midrange,164.11,0.754,0.0234,0.0001553423,323
2674,6,budget,12.26,0.74,0.0343,0.0003621263,34
2675,4,budget,10.47,0.812,0.0374,0.0002249475,304
2676,9,budget,30.59,0.405,0.0186,0.0001883649,72
2677,3,budget,5.09,0.333,0.0235,0.0005255842,121
2678,10,midrange,43.13,0.752,0.0293,0.0001538938,4
2679,12,midrange,91.83,0.427,0.0146,0.0002383383,208
2680,11,midrange,78.81,0.336,0.012,0.0002041024,303
2681,2,midrange,76.68,0.348,0.0126,0.0002414066,139
2682,14,budget,11.56,0.485,0.0256,0.00039831,242
2683,3,budget,15.47,0.994,0.0422,0.0002792241,143
2684,13,midrange,64.91,0.368,0.014,0.0001690463,277
2685,7,budget,32.38,0.474,0.0208,0.0001696868,364
2686,13,budget,23.4,0.941,0.0385,0.0002534065,260
2687,4,premium,752.84,0.972,0.0242,0.0002403812,124
2688,3,premium,736.73,0.422,0.005,0.0001687897,300
2689,9,midrange,195.93,0.91,0.0281,0.0005035108,13
2690,1,budget,7.49,0.354,0.0228,0.0004312171,360
2691,4,midrange,244.65,0.821,0.024,0.0001526572,306
2692,12,budget,42.33,0.26,0.0121,0.0001687817,238
2693,14,budget,10.18,0.555,0.0286,0.0001850243,226
2694,2,budget,7.81,0.436,0.0255,0.0002027116,92
2695,14,premium,382.39,0.778,0.0205,0.0001833961,157
2696,14,premium,249.04,0.262,0.0043,0.000171587,37
2697,14,midrange,92.29,0.599,0.0205,0.0001645486,123
2698,12,budget,20.2,0.773,0.0333,0.0002407837,215
2699,12,budget,8.19,0.285,0.02,0.0002912571,132
2700,10,budget,14.25,0.923,0.04,0.0002288617,281
2701,12,premium,1035.69,0.521,0.007,0.0001668101,311
2702,14,budget,5.75,0.374,0.0245,0.0002633243,204
2703,3,budget,21.37,0.419,0.0207,0.0001533622,124
2704,5,midrange,50.08,0.504,0.0199,0.0010845104,110
2705,2,budget,18.66,0.399,0.0206,0.0003577146,199
2706,15,midrange,87.66,0.633,0.022,0.0001725099,262
2707,8,budget,16.12,0.725,0.0326,0.0001569079,46
2708,12,midrange,98.03,0.575,0.0194,0.000183595,163
2709,14,budget,21.57,0.57,0.0259,0.0002394652,160
2710,15,budget,9.72,0.836,0.0386,0.0002643465,104
2711,3,budget,10.29,0.476,0.0257,0.0001736545,86
2712,14,budget,23.9,0.717,0.0306,0.0002302825,306
2713,14,midrange,86.79,0.92,0.0321,0.000158204,157
2714,1,budget,17.16,0.416,0.0215,0.0003030456,210
2715,13,budget,22.7,0.715,0.0308,0.0002179206,13
2716,7,midrange,27.09,0.961,0.0386,0.0002139067,103
2717,12,budget,8.91,0.647,0.0323,0.0001962813,81
2718,10,midrange,123.02,0.983,0.0327,0.0003394371,119
2719,4,midrange,137.16,0.483,0.0147,0.0004352172,307
2720,3,budget,25.0,0.673,0.0289,0.0001630386,208
2721,3,midrange,24.04,0.483,0.0224,0.0001842338,329
2722,3,budget,13.72,0.253,0.0167,0.0001528137,154
2723,11,budget,21.02,0.998,0.041,0.0001799682,281
2724,7,budget,10.07,0.43,0.0242,0.000173812,58
2725,4,midrange,93.09,0.98,0.0338,0.0001574419,297
2726,12,midrange,95.16,0.74,0.0253,0.0001576351,222
2727,12,budget,10.81,0.928,0.0414,0.0002763078,14
2728,11,premium,220.27,0.975,0.0298,0.0001896915,251
2729,15,budget,12.66,0.676,0.0319,0.0002646494,174
2730,7,premium,997.71,1.0,0.0239,0.0001931689,0
2731,14,midrange,29.91,0.825,0.0335,0.0001981145,309
2732,2,premium,153.74,0.643,0.0198,0.0002256656,195
2733,13,premium,77.82,0.741,0.0263,0.0001575648,221
2734,15,premium,138.0,0.396,0.0116,0.0002664376,210
2735,14,budget,7.85,0.258,0.0192,0.0001586235,33
2736,11,midrange,70.41,0.443,0.0163,0.0001608163,121
2737,11,midrange,19.24,0.576,0.0266,0.0001598892,256
2738,7,midrange,40.15,0.421,0.018,0.0002318377,123
2739,12,budget,7.89,0.636,0.0324,0.0001721209,324
2740,13,premium,202.14,0.743,0.0221,0.0002182751,115
2741,15,budget,9.03,0.742,0.0356,0.0002079058,167
2742,9,budget,31.71,0.92,0.0365,0.0001947796,162
2743,1,midrange,86.64,0.975,0.034,0.0001642904,6
2744,11,budget,24.23,0.918,0.0376,0.0001541381,296
2745,3,midrange,26.44,0.715,0.0301,0.0001946794,49
2746,4,budget,51.61,0.404,0.0163,0.0002756935,171
2747,6,midrange,130.54,0.958,0.0316,0.000179024,331
2748,12,midrange,26.5,0.381,0.0184,0.0001834126,362
2749,3,budget,11.77,0.364,0.0213,0.0001948254,84
2750,3,midrange,87.25,0.488,0.0169,0.0001983898,137
2751,1,budget,10.71,0.68,0.0327,0.0001708474,206
2752,14,midrange,41.11,0.761,0.0298,0.0001979945,255
2753,12,premium,537.91,0.26,0.002,0.0003804367,91
2754,1,budget,6.4,0.834,0.0402,0.0001648253,200
2755,1,midrange,159.77,0.381,0.0105,0.0002185112,304
2756,11,budget,7.89,0.472,0.0267,0.0003720135,278
2757,4,midrange,31.7,0.492,0.0215,0.0007316925,300
2758,11,midrange,18.72,0.499,0.0241,0.000248429,324
2759,8,budget,21.79,0.82,0.0346,0.0001943225,314
2760,15,midrange,190.49,0.281,0.0062,0.0001561958,186
2761,4,budget,46.78,0.397,0.0165,0.0001522234,355
2762,12,budget,44.1,0.267,0.0122,0.0001713858,180
2763,1,premium,342.37,0.834,0.0229,0.0001879219,258
2764,15,budget,20.22,0.988,0.0408,0.0005265252,344
2765,15,midrange,63.72,0.745,0.0273,0.0002075932,15
2766,13,budget,5.2,0.693,0.036,0.0002206435,340
2767,9,midrange,229.26,0.931,0.0281,0.0002331499,299
2768,4,midrange,88.94,0.441,0.0152,0.0001683349,363
2769,14,budget,13.34,0.3,0.0185,0.0001581414,282
2770,12,budget,19.82,0.632,0.0285,0.0001743915,57
2771,4,budget,44.43,0.445,0.0184,0.0004535265,110
2772,9,premium,250.12,0.588,0.0157,0.0001603237,1
2773,9,budget,38.97,0.592,0.0241,0.0001759523,221
2774,14,budget,22.33,0.489,0.0229,0.0001810191,159
2775,12,midrange,151.33,0.615,0.0189,0.000248227,173
2776,12,budget,7.14,0.535,0.0293,0.0002229948,267
2777,12,budget,9.9,0.335,0.021,0.0002480183,299
2778,4,budget,23.17,0.9,0.0372,0.0002425478,26
2779,7,budget,35.6,0.776,0.031,0.0002418828,334
2780,1,midrange,159.14,0.281,0.007,0.0001614592,136
2781,13,premium,331.7,0.337,0.0057,0.0009098168,274
2782,8,premium,253.14,0.322,0.0064,0.0002847419,212
2783,8,premium,235.71,0.296,0.0058,0.0001785875,161
2784,4,budget,32.53,0.294,0.0145,0.0003038433,77
2785,4,budget,13.7,0.368,0.0208,0.0004467504,69
2786,11,midrange,62.38,0.886,0.0323,0.0005155561,266
2787,4,premium,1169.39,0.871,0.0187,0.0003898631,117
2788,1,midrange,44.96,0.837,0.0321,0.0002048819,83
2789,13,budget,10.15,0.711,0.034,0.0001761427,2
2790,7,midrange,23.15,0.793,0.0334,0.0001774366,306
2791,7,midrange,37.37,0.804,0.0317,0.0005703017,144
2792,8,premium,891.56,0.917,0.0215,0.0003736845,127
2793,14,midrange,39.24,0.799,0.0313,0.0002008798,135
2794,6,budget,11.82,0.802,0.0366,0.0001918938,218
2795,13,budget,5.86,0.853,0.0412,0.0001900412,175
2796,15,budget,9.92,0.667,0.0326,0.0002379288,198
2797,12,budget,26.49,0.41,0.0194,0.0005433711,101
2798,8,premium,714.32,0.313,0.002,0.0001761824,108
2799,13,budget,13.46,0.564,0.0277,0.0002780369,314
2800,9,budget,25.55,0.319,0.0164,0.0002199932,160
2801,8,budget,13.26,0.377,0.0212,0.0002180119,355
2802,10,midrange,87.15,0.268,0.0092,0.0005112677,308
2803,6,midrange,32.68,0.475,0.0208,0.0004103425,259
2804,3,budget,31.29,0.977,0.0386,0.0002662445,200
2805,8,premium,169.83,0.534,0.0156,0.0001908733,305
2806,3,budget,11.37,0.431,0.0238,0.0002170544,20
2807,8,budget,9.75,0.553,0.0287,0.0001533438,182
2808,11,budget,27.06,0.476,0.0217,0.0002596759,260
2809,15,midrange,39.32,0.755,0.0298,0.0004160804,39
2810,1,midrange,145.68,0.726,0.023,0.0001986533,66
2811,11,premium,93.31,0.271,0.009,0.0003333112,23
2812,9,budget,48.73,0.633,0.0246,0.0001602337,177
2813,1,premium,470.65,0.277,0.002,0.0002688169,197
2814,4,midrange,51.75,0.758,0.0287,0.000167671,171
2815,3,budget,7.28,0.952,0.0438,0.000155302,20
2816,4,budget,18.44,0.931,0.0392,0.0001853617,177
2817,4,budget,47.61,0.404,0.0167,0.000208823,324
2818,7,premium,897.22,0.807,0.0176,0.0002058756,11
2819,10,budget,12.39,0.845,0.0379,0.0004949808,283
2820,1,budget,11.67,0.898,0.04,0.0001997308,99
2821,3,midrange,27.21,0.445,0.0205,0.000165126,27
2822,2,premium,154.46,0.588,0.0179,0.000176566,18
2823,11,midrange,76.58,0.416,0.015,0.0002210261,4
2824,6,midrange,61.25,0.268,0.0108,0.0002362947,151
2825,11,budget,8.74,0.744,0.0358,0.0001626228,181
2826,4,premium,1267.77,0.574,0.0079,0.0002203858,226
2827,1,budget,25.87,0.436,0.0205,0.0001881123,29
2828,15,budget,38.93,0.885,0.0344,0.0001684814,238
2829,3,premium,80.43,0.622,0.022,0.000248988,270
2830,3,budget,30.62,0.996,0.0393,0.0001903794,23
2831,3,budget,15.42,0.845,0.037,0.0002490282,246
2832,15,midrange,82.57,0.902,0.0317,0.0005474471,43
2833,11,budget,5.67,0.83,0.0405,0.0001778105,160
2834,11,budget,33.88,0.329,0.0155,0.0001532503,241
2835,15,midrange,90.17,0.299,0.0101,0.0004535733,317
2836,2,midrange,153.12,0.936,0.0301,0.0002413504,193
2837,15,midrange,115.24,0.354,0.011,0.0001753885,158
2838,4,budget,44.66,0.543,0.0218,0.0001639813,304
2839,11,midrange,84.82,0.707,0.0247,0.0002472082,78
2840,8,midrange,245.66,0.409,0.0095,0.000167413,74
2841,7,budget,10.1,0.419,0.0238,0.0001934363,170
2842,15,budget,12.3,0.6,0.0293,0.0001948252,43
2843,3,budget,20.36,0.521,0.0244,0.000648773,8
2844,15,midrange,82.14,0.757,0.0266,0.0001889341,132
2845,7,budget,21.45,0.306,0.0167,0.0002293429,55
2846,12,midrange,111.01,0.617,0.0203,0.0002545639,232
2847,15,premium,507.13,0.381,0.0053,0.0003197121,200
2848,1,budget,28.0,0.705,0.0295,0.0001863689,177
2849,15,midrange,55.0,0.337,0.0137,0.0001618771,181
2850,11,budget,31.34,0.398,0.0183,0.0001792745,35
2851,12,budget,8.72,0.853,0.0396,0.0005571435,146
2852,3,midrange,65.03,0.426,0.0161,0.0001635119,26
2853,10,budget,52.31,0.803,0.0302,0.00031087,129
2854,12,premium,202.63,0.455,0.012,0.0001537447,247
2855,9,midrange,63.72,0.426,0.0162,0.0010107919,360
2856,3,budget,8.96,0.474,0.0263,0.0002195695,108
2857,4,budget,27.96,0.911,0.0367,0.0002629193,96
2858,14,budget,12.25,0.548,0.0275,0.000177014,244
2859,1,premium,113.62,0.433,0.0138,0.0006783101,335
2860,12,midrange,165.86,0.652,0.0198,0.0001573634,107
2861,15,budget,12.37,0.539,0.0272,0.0001574749,305
2862,1,midrange,61.72,0.843,0.0309,0.0006785801,114
2863,3,midrange,59.67,0.993,0.0363,0.0001553524,233
2864,12,midrange,25.59,0.645,0.0278,0.0001533002,76
2865,1,budget,6.95,0.589,0.0313,0.0001790015,95
2866,11,budget,39.32,0.507,0.0211,0.0002070183,359
2867,12,budget,26.78,0.98,0.0393,0.0002113247,142
2868,11,budget,5.94,0.612,0.0327,0.0005693668,5
2869,7,budget,31.78,0.383,0.0177,0.0001553168,281
2870,12,budget,19.56,0.977,0.0406,0.000499186,46
2871,11,budget,6.46,0.971,0.0449,0.000221736,40
2872,4,budget,35.36,0.577,0.024,0.0001736373,305
2873,11,budget,15.18,0.511,0.0254,0.000711477,127
2874,14,premium,136.02,0.76,0.0245,0.0004339785,50
2875,12,midrange,160.98,0.872,0.0276,0.0001798754,356
2876,9,budget,16.77,0.624,0.0289,0.0001639839,102
2877,6,budget,15.25,0.498,0.0249,0.0002056072,231
2878,2,budget,12.99,0.476,0.0248,0.0002112511,95
2879,4,midrange,161.43,0.495,0.0144,0.0002590022,212
2880,1,midrange,90.08,0.339,0.0115,0.0001579653,254
2881,15,budget,50.53,0.834,0.0314,0.000158756,276
2882,4,premium,243.69,0.329,0.0068,0.0003015261,150
2883,14,midrange,100.06,0.549,0.0184,0.0008550139,224
2884,3,midrange,56.88,0.876,0.0324,0.0001939115,306
2885,4,budget,16.71,0.553,0.0264,0.0004850583,306
2886,8,budget,10.46,0.471,0.0255,0.0001550115,272
2887,6,midrange,173.19,0.961,0.0304,0.0002349904,145
2888,14,budget,8.67,0.345,0.0219,0.000176676,193
2889,15,midrange,109.37,0.914,0.0308,0.0003896396,353
2890,14,midrange,59.38,0.297,0.0119,0.0003098045,90
2891,3,budget,4.89,0.56,0.0316,0.00018303,252
2892,13,budget,35.12,0.724,0.0292,0.0001831919,289
2893,3,budget,24.99,0.528,0.0238,0.000262749,175
2894,14,budget,14.21,0.651,0.0305,0.0001666462,316
2895,10,midrange,129.35,0.403,0.0122,0.0001894753,156
2896,6,midrange,81.63,0.677,0.0238,0.0005428372,305
2897,3,budget,21.72,0.351,0.0182,0.0006774932,235
2898,1,midrange,25.64,0.847,0.0349,0.0002618347,18
2899,4,budget,22.05,0.688,0.03,0.0002572763,300
2900,14,midrange,37.16,0.611,0.025,0.000192893,254
2901,14,budget,13.47,0.291,0.0182,0.0002579159,81
2902,15,midrange,73.44,0.625,0.0225,0.0001533011,256
2903,3,midrange,22.11,0.673,0.0294,0.0001728389,186
2904,11,budget,39.71,0.449,0.019,0.0010618423,344
2905,4,midrange,30.93,0.758,0.031,0.0001537324,111
2906,11,midrange,18.92,0.308,0.0173,0.000196285,96
2907,6,budget,18.24,0.407,0.0209,0.0002346726,21
2908,4,midrange,116.85,0.803,0.0266,0.0001945683,287
2909,11,premium,132.61,0.36,0.0106,0.0001559432,359
2910,3,premium,289.18,0.434,0.0097,0.0002231603,251
2911,9,budget,40.0,0.738,0.0291,0.0010577815,134
2912,12,midrange,28.77,0.797,0.0326,0.0002181345,320
2913,3,premium,930.6,0.289,0.002,0.0002652326,92
2914,15,midrange,57.2,0.345,0.0138,0.0001778967,253
2915,10,budget,31.76,0.585,0.0248,0.0002337805,217
2916,14,budget,6.67,0.695,0.0351,0.0013054422,311
2917,12,midrange,111.24,0.59,0.0194,0.0009744586,354
2918,12,budget,38.18,0.735,0.0292,0.0002139861,131
2919,12,budget,8.68,0.817,0.0384,0.0002380236,34
2920,14,budget,6.87,0.962,0.0444,0.0002220213,57
2921,11,midrange,34.31,0.512,0.0219,0.0002061499,269
2922,4,budget,9.19,0.372,0.0226,0.0001636066,132
2923,3,premium,934.54,0.448,0.0049,0.0001640681,51
2924,11,midrange,68.91,0.361,0.0135,0.0005357076,297
2925,1,premium,414.5,0.546,0.012,0.0002655525,236
2926,4,premium,1612.94,0.904,0.0184,0.0001532182,48
2927,1,budget,30.62,0.51,0.0223,0.0002201431,260
2928,11,midrange,110.72,0.362,0.0114,0.0001819686,232
2929,3,budget,9.6,0.642,0.0318,0.0002554635,359
2930,11,premium,198.23,0.994,0.031,0.000310359,360
2931,13,budget,8.53,0.391,0.0235,0.0002756103,356
2932,14,midrange,38.08,0.833,0.0327,0.0001819947,326
2933,5,midrange,59.39,0.868,0.0319,0.0002838682,289
2934,11,budget,7.36,0.551,0.0297,0.0008605654,244
2935,11,midrange,40.45,0.715,0.0283,0.0007438862,198
2936,9,budget,22.93,0.574,0.0258,0.000165617,289
2937,12,budget,13.09,0.447,0.0237,0.0003385257,352
2938,4,budget,12.52,0.57,0.0282,0.0002167675,42
2939,15,budget,17.38,0.321,0.0182,0.0001520899,49
2940,3,midrange,46.46,0.78,0.0299,0.0002363991,182
2941,14,premium,517.43,0.872,0.0224,0.0002550774,107
2942,11,budget,23.27,0.481,0.0225,0.0002225931,194
2943,4,midrange,46.67,0.675,0.0262,0.0004182234,113
2944,13,premium,78.12,0.424,0.0152,0.0001559163,285
2945,2,midrange,48.7,0.346,0.0145,0.0001937077,327
2946,13,budget,6.5,0.748,0.0371,0.0001817775,103
2947,11,premium,232.12,0.351,0.0077,0.0001618416,281
2948,3,budget,34.85,0.836,0.0332,0.000159004,38
2949,2,midrange,37.19,0.454,0.0195,0.0001581236,290
2950,13,midrange,31.81,0.864,0.0345,0.0005071781,254
2951,4,midrange,147.08,0.526,0.0159,0.0002412008,259
2952,14,budget,14.88,0.527,0.026,0.0001698007,179
2953,13,budget,5.17,0.813,0.0403,0.000177769,39
2954,12,midrange,33.38,0.633,0.0262,0.0002643042,307
2955,4,budget,59.04,0.401,0.0156,0.0014673808,40
2956,12,budget,8.64,0.888,0.0409,0.0001713157,175
2957,15,midrange,110.18,0.505,0.0165,0.0002714637,63
2958,2,midrange,142.46,0.327,0.0091,0.000164751,308
2959,6,budget,14.67,0.562,0.0273,0.0001525453,209
2960,4,budget,38.66,0.68,0.0273,0.0002120735,185
2961,7,premium,149.41,0.707,0.0222,0.0001691304,115
2962,13,budget,8.41,0.877,0.0406,0.000309657,285
2963,9,budget,17.47,0.656,0.0298,0.0001551847,76
2964,11,budget,41.33,0.418,0.0178,0.0002366129,263
2965,5,budget,12.19,0.446,0.024,0.000463665,353
2966,3,premium,101.55,0.326,0.0106,0.0001621392,97
2967,4,budget,57.91,0.802,0.0297,0.0001815408,250
2968,14,budget,7.39,0.329,0.022,0.000251149,112
2969,11,budget,32.64,0.704,0.0288,0.0001877657,339
2970,7,budget,23.79,0.698,0.03,0.000449557,328
2971,13,budget,15.14,0.839,0.0369,0.0001593655,114
2972,1,premium,601.5,0.306,0.002,0.0002013155,84
2973,4,midrange,147.37,0.402,0.0116,0.0001555903,30
2974,4,budget,11.21,0.932,0.0414,0.0002694402,254
2975,15,budget,61.35,0.679,0.0252,0.0001874884,335
2976,12,budget,46.83,0.593,0.0234,0.0003192445,52
2977,11,budget,33.8,0.811,0.0324,0.0002122825,297
2978,1,midrange,74.93,0.927,0.033,0.0002113659,275
2979,3,budget,13.89,0.447,0.0235,0.0001818345,172
2980,11,midrange,60.12,0.926,0.0339,0.0001744698,81
2981,7,premium,100.01,0.332,0.0108,0.0001591262,238
2982,15,budget,22.4,0.983,0.0402,0.0001882348,216
2983,13,premium,357.48,0.374,0.0066,0.0001725036,296
2984,8,budget,36.73,0.45,0.0194,0.0003777614,205
2985,13,budget,9.25,0.322,0.0208,0.0004222072,17
2986,15,midrange,76.88,0.853,0.0302,0.0003439837,74
2987,9,budget,33.6,0.988,0.0386,0.0002382584,138
2988,12,midrange,59.97,0.473,0.018,0.0002537373,179
2989,14,midrange,147.22,0.494,0.0148,0.0002302165,127
2990,4,budget,37.16,0.459,0.0197,0.0001866317,320
2991,14,premium,80.26,0.366,0.013,0.0001664185,102
2992,3,budget,5.08,0.841,0.0413,0.0003319044,248
2993,12,midrange,106.65,0.296,0.0093,0.0002706068,131
2994,13,budget,10.88,0.976,0.043,0.0001782538,362
2995,11,budget,30.13,0.945,0.0376,0.0001898111,334
2996,9,budget,13.21,0.339,0.0199,0.0003911628,286
2997,11,midrange,19.07,0.647,0.0292,0.0001818715,279
2998,3,budget,10.59,0.995,0.0438,0.0002033287,234
2999,4,premium,905.47,0.889,0.0205,0.0002307226,214
3000,4,budget,63.54,0.786,0.0288,0.0002015715,205
3001,11,budget,32.93,0.267,0.0135,0.0001957645,9
3002,8,budget,25.84,0.301,0.0157,0.0002308761,342
3003,4,budget,46.13,0.846,0.0323,0.0002925786,358
3004,14,premium,95.98,0.532,0.018,0.0002460654,192
3005,7,budget,20.32,0.751,0.0325,0.0005293998,317
3006,8,midrange,247.47,0.804,0.0233,0.0012121284,146
3007,8,midrange,77.58,0.567,0.0202,0.0001542622,40
3008,3,budget,33.53,0.358,0.0166,0.0002627023,304
3009,12,midrange,38.0,0.54,0.0224,0.000177282,185
3010,9,premium,183.85,0.903,0.0281,0.0002145984,343
3011,1,midrange,60.47,0.498,0.0189,0.0001631237,77
3012,15,midrange,200.36,0.297,0.0065,0.0001943333,174
3013,14,midrange,35.23,0.969,0.0378,0.0001815969,243
3014,12,midrange,135.76,0.761,0.0245,0.0002434882,50
3015,14,budget,7.5,0.656,0.0333,0.0003228385,363
3016,14,midrange,91.48,0.872,0.0301,0.0001548631,222
3017,6,budget,26.4,0.558,0.0246,0.0001535138,62
3018,11,midrange,27.18,0.989,0.0396,0.0003515962,270
3019,11,premium,534.9,0.893,0.023,0.0001887268,320
3020,4,premium,854.63,0.46,0.0057,0.0002304016,136
3021,4,midrange,92.79,0.528,0.0181,0.0001737727,222
3022,3,midrange,26.5,0.457,0.0211,0.0002217919,272
3023,12,midrange,31.29,0.745,0.0304,0.0001819472,53
3024,13,budget,32.59,0.729,0.0297,0.0001854094,193
3025,13,budget,17.76,0.642,0.0293,0.0001765516,204
3026,5,budget,40.4,0.974,0.0373,0.0002702641,109
3027,4,budget,36.53,0.604,0.0248,0.0001601648,109
3028,9,premium,1198.8,0.838,0.0174,0.0003722244,229
3029,11,premium,126.84,0.744,0.0242,0.0001866705,274
3030,14,budget,14.52,0.639,0.03,0.0001746079,141
3031,14,budget,20.45,0.282,0.0161,0.0002738094,53
3032,14,midrange,22.31,0.743,0.0318,0.0009811539,287
3033,14,budget,7.21,0.732,0.0361,0.0001531617,63
3034,15,midrange,109.91,0.344,0.0108,0.0003653047,1
3035,9,premium,1327.03,0.847,0.0173,0.0003505575,117
3036,1,budget,21.67,0.6,0.027,0.000234871,298
3037,2,budget,8.06,0.493,0.0273,0.0003995348,276
3038,7,budget,45.33,0.868,0.0331,0.0002456069,111
3039,4,budget,11.88,0.508,0.0263,0.0005893977,189
3040,3,budget,7.74,0.716,0.0353,0.0001754902,350
3041,15,budget,58.39,0.713,0.0266,0.0003151044,262
3042,4,budget,42.41,0.29,0.0132,0.0002535138,277
3043,15,budget,54.05,0.567,0.0218,0.0013272501,31
3044,13,budget,24.06,0.417,0.0201,0.0001635659,87
3045,12,midrange,97.98,0.4,0.0133,0.0001968434,37
3046,12,budget,12.46,0.741,0.0342,0.0002510769,357
3047,6,premium,300.6,0.259,0.0034,0.000207394,124
3048,12,budget,47.35,0.977,0.0367,0.0001562857,182
3049,3,budget,27.44,0.547,0.0241,0.00018326,201
3050,15,budget,16.9,0.474,0.0236,0.000207482,190
3051,4,midrange,67.89,0.94,0.0339,0.0001805712,19
3052,4,budget,16.34,0.615,0.0287,0.0002212302,331
3053,12,budget,13.54,0.711,0.0328,0.0002518881,138
3054,12,budget,39.76,0.772,0.0303,0.000215498,335
3055,9,premium,143.7,0.904,0.0292,0.0001917728,279
3056,11,budget,13.36,0.347,0.0202,0.0002022171,254
3057,3,budget,32.38,0.311,0.0151,0.0003735337,256
3058,12,midrange,77.1,0.995,0.0352,0.0004066449,357
3059,4,budget,22.23,0.257,0.0148,0.0001690195,110
3060,4,budget,16.83,0.781,0.0344,0.000268982,120
3061,3,midrange,19.0,0.708,0.0313,0.0001543174,244
3062,6,budget,13.51,0.664,0.0312,0.0002545751,84
3063,6,budget,10.31,0.839,0.0385,0.0001773554,293
3064,9,budget,12.03,0.994,0.0432,0.0001957503,10
3065,3,budget,6.74,0.285,0.0208,0.0001528898,327
3066,3,premium,158.9,0.711,0.022,0.000177386,126
3067,11,midrange,18.96,0.788,0.0341,0.0001973333,1
3068,3,midrange,130.26,0.479,0.0148,0.0001552472,219
3069,12,budget,9.01,0.92,0.0418,0.0002069402,100
3070,15,midrange,63.34,0.593,0.022,0.000240743,111
3071,8,midrange,224.28,0.373,0.0087,0.0001801901,175
3072,14,budget,6.61,0.891,0.042,0.0001622969,211
3073,3,premium,254.32,0.957,0.0286,0.0001613613,49
3074,1,midrange,122.16,0.325,0.0097,0.0001782568,17
3075,12,midrange,79.56,0.814,0.0287,0.0002459449,168
3076,13,budget,7.24,0.411,0.0249,0.0002562784,129
3077,14,budget,23.47,0.255,0.0145,0.0005725208,212
3078,1,midrange,85.31,0.445,0.0155,0.0003008425,273
3079,13,midrange,34.99,0.891,0.0351,0.0001753153,224
3080,7,budget,7.04,0.356,0.0231,0.0003598698,38
3081,5,budget,8.04,0.348,0.0223,0.0001707484,363
3082,3,midrange,99.03,0.804,0.0274,0.0002536797,260
3083,15,budget,15.65,0.555,0.0268,0.0002091468,17
3084,1,budget,7.56,0.361,0.023,0.0001783034,278
3085,14,midrange,55.55,0.423,0.0166,0.000458481,321
3086,11,budget,35.49,0.846,0.0334,0.000174592,207
3087,12,budget,7.14,0.717,0.0357,0.0001800256,303
3088,12,budget,7.86,0.821,0.0389,0.0002349138,323
3089,14,premium,235.63,0.323,0.0067,0.0004509917,351
3090,3,budget,18.91,0.594,0.0273,0.0002458253,348
3091,1,midrange,54.34,0.848,0.0316,0.0001523358,70
3092,11,premium,851.44,0.449,0.0054,0.0001607287,12
3093,7,midrange,23.56,0.377,0.0188,0.0005053447,237
3094,3,midrange,34.1,0.536,0.0228,0.0001865893,247
3095,3,midrange,34.95,0.5,0.0214,0.0001552455,207
3096,6,budget,17.05,0.389,0.0206,0.0001678809,86
3097,2,midrange,72.95,0.965,0.0344,0.0001706325,346
3098,1,premium,665.85,0.612,0.0122,0.0002039734,148
3099,14,midrange,35.74,0.706,0.0285,0.0001822809,270
3100,5,budget,35.46,0.341,0.0157,0.0004470661,227
3101,15,budget,11.0,0.708,0.0336,0.0008550303,326
3102,15,premium,524.9,0.666,0.0151,0.0002082955,259
3103,3,budget,10.32,0.949,0.0423,0.0001757406,231
3104,12,midrange,76.52,0.559,0.02,0.0001543238,306
3105,11,budget,6.9,0.837,0.04,0.0001597901,19
3106,12,midrange,190.14,0.478,0.0131,0.000217821,257
3107,2,midrange,182.97,0.684,0.0205,0.0002453753,213
3108,3,budget,25.61,0.945,0.0383,0.0001533756,283
3109,2,budget,45.29,0.719,0.0279,0.0003011,81
3110,11,midrange,25.54,0.783,0.0327,0.0002009331,218
3111,15,budget,22.59,0.907,0.0375,0.000667005,103
3112,12,budget,13.32,0.944,0.0411,0.0002223451,42
3113,12,budget,41.96,0.406,0.0173,0.00039136,209
3114,15,budget,11.99,0.397,0.0224,0.000197023,7
3115,12,midrange,37.94,0.663,0.0267,0.0002728987,33
3116,1,budget,22.85,0.997,0.0406,0.0001717812,193
3117,14,budget,6.38,0.618,0.0326,0.0005267943,327
3118,7,premium,641.38,0.498,0.0083,0.0001523923,261
3119,1,budget,9.83,0.653,0.0321,0.0001867637,5
3120,10,budget,32.96,0.298,0.0146,0.0001615405,39
3121,15,midrange,185.85,0.383,0.0099,0.0002883382,157
3122,4,premium,652.56,0.362,0.0035,0.0001746757,156
3123,9,midrange,49.59,0.271,0.0118,0.0001567058,14
3124,3,midrange,17.99,0.792,0.0345,0.0002098541,93
3125,1,budget,6.27,0.494,0.0284,0.00021534,46
3126,2,budget,8.96,0.376,0.0228,0.0002118385,206
3127,12,premium,472.83,0.634,0.0145,0.0001659622,240
3128,14,premium,197.15,0.493,0.0134,0.0002556893,142
3129,3,midrange,27.55,0.545,0.024,0.0002388376,208
3130,4,budget,13.95,0.487,0.0249,0.0003950314,73
3131,4,budget,60.65,0.253,0.0103,0.0003451703,310
3132,1,budget,7.28,0.766,0.0373,0.0006706625,1
3133,11,premium,183.39,0.333,0.0082,0.0003057009,184
3134,12,midrange,65.94,0.414,0.0156,0.0001825444,117
3135,12,budget,7.03,0.393,0.0244,0.0001984146,164
3136,7,budget,41.03,0.499,0.0206,0.0001579563,188
3137,11,budget,6.78,0.37,0.0237,0.0005714799,235
3138,2,budget,29.65,0.51,0.0225,0.0001834166,339
3139,3,midrange,64.3,0.432,0.0163,0.0004394571,204
3140,15,midrange,161.48,0.296,0.0074,0.0003913701,83
3141,13,budget,17.6,0.903,0.0384,0.0002065121,191
3142,15,midrange,148.0,0.479,0.0143,0.00022418,186
3143,14,premium,238.21,0.321,0.0066,0.0001964624,315
3144,12,budget,18.79,0.641,0.029,0.0001538748,206
3145,15,budget,33.67,0.342,0.016,0.0003471806,316
3146,8,budget,30.62,0.83,0.0335,0.0002251338,236
3147,1,budget,16.05,0.296,0.0176,0.0001965992,208
3148,1,midrange,29.99,0.598,0.0255,0.0001701555,119
3149,3,midrange,28.47,0.958,0.0383,0.0001772905,93
3150,2,budget,15.43,0.369,0.0203,0.0001636718,36
3151,7,budget,6.54,0.401,0.0249,0.0003588904,200
3152,12,midrange,58.55,0.7,0.0261,0.0001537923,336
3153,13,budget,4.76,0.985,0.0466,0.0001570224,4
3154,11,midrange,64.03,0.539,0.0201,0.0001641587,347
3155,3,midrange,75.85,0.736,0.0262,0.0002115246,313
3156,13,midrange,54.3,0.364,0.0147,0.0002111858,159
3157,7,midrange,98.13,0.731,0.0249,0.0002138294,114
3158,1,midrange,19.09,0.439,0.0219,0.0001554473,211
3159,4,midrange,34.07,0.71,0.0288,0.0001911277,312
3160,6,budget,35.11,0.316,0.0149,0.0006302721,10
3161,4,budget,45.22,0.644,0.0253,0.0001815002,164
3162,14,budget,22.65,0.428,0.0207,0.0002207254,17
3163,13,budget,18.02,0.761,0.0334,0.0002041958,235
3164,12,budget,29.2,0.811,0.033,0.0003824468,27
3165,3,budget,21.5,0.886,0.037,0.0002638658,115
3166,14,budget,22.95,0.994,0.0405,0.0001733764,269
3167,12,budget,31.06,0.595,0.0252,0.0001965745,274
3168,4,budget,10.41,0.753,0.0354,0.0001520183,82
3169,12,midrange,26.89,0.264,0.0143,0.0001799601,187
3170,9,midrange,68.71,0.929,0.0334,0.0004268852,67
3171,8,midrange,103.51,0.712,0.024,0.0003413729,215
3172,3,midrange,86.27,0.566,0.0197,0.0001706971,3
3173,10,midrange,60.53,0.576,0.0216,0.0001519268,297
3174,3,midrange,29.56,0.818,0.0333,0.0001948276,8
3175,3,budget,23.39,0.875,0.0363,0.0001584571,222
3176,3,premium,138.62,0.856,0.0277,0.0003221874,147
3177,15,budget,42.8,0.633,0.0251,0.0001713827,81
3178,4,midrange,44.12,0.528,0.0214,0.0001992297,197
3179,7,midrange,47.1,0.959,0.0361,0.0001704969,51
3180,6,budget,19.28,0.726,0.0319,0.0002189635,211
3181,14,midrange,34.33,0.658,0.027,0.0003206088,235
3182,11,budget,5.59,0.699,0.036,0.0001823888,167
3183,14,budget,8.57,0.722,0.0351,0.000169264,132
3184,4,budget,17.71,0.785,0.0343,0.0001596644,167
3185,3,budget,9.11,0.665,0.0329,0.0001706375,349
3186,11,budget,27.03,0.907,0.0367,0.0005327549,274
3187,7,midrange,23.73,0.895,0.0369,0.0001589717,2
3188,14,midrange,41.78,0.582,0.0235,0.0001871131,105
3189,14,budget,5.75,0.376,0.0246,0.0001530147,9
3190,9,midrange,240.15,0.682,0.0192,0.0002806741,86
3191,15,budget,40.24,0.716,0.0283,0.0001668778,284
3192,11,budget,40.16,0.643,0.0258,0.0003118936,311
3193,4,midrange,220.88,0.918,0.0278,0.0002163758,166
3194,9,premium,316.89,0.32,0.0053,0.0002490729,251
3195,1,budget,23.07,0.466,0.022,0.000294886,135
3196,14,budget,9.89,0.899,0.0407,0.0002530764,174
3197,3,midrange,113.69,0.955,0.0321,0.0003902285,302
3198,5,premium,343.87,0.569,0.0136,0.0001746981,100
3199,11,budget,11.84,0.394,0.0223,0.0004886724,116
3200,1,budget,36.12,0.565,0.0235,0.000300675,49
3201,2,budget,40.45,0.592,0.024,0.0001762015,79
3202,12,midrange,195.63,0.64,0.0186,0.0002601175,13
3203,2,premium,133.55,0.456,0.0139,0.000299256,297
3204,9,midrange,53.04,0.484,0.019,0.0002106202,311
3205,6,budget,15.76,0.742,0.0333,0.0002064083,153
3206,4,midrange,75.96,0.716,0.0255,0.000178701,216
3207,3,midrange,45.67,0.747,0.0288,0.0001552459,90
3208,13,budget,8.52,0.533,0.0285,0.0002517269,16
3209,15,midrange,155.01,0.502,0.0149,0.0001647172,188
3210,3,budget,7.6,0.514,0.0283,0.0005721368,57
3211,15,budget,33.32,0.963,0.0378,0.0006225452,309
3212,11,midrange,120.24,0.546,0.0175,0.0002422104,102
3213,12,budget,23.69,0.705,0.0302,0.0002657609,269
3214,12,premium,263.54,0.642,0.0174,0.0002011028,96
3215,12,budget,10.25,0.907,0.0409,0.0001605909,46
3216,14,budget,6.99,0.527,0.0291,0.0004565329,200
3217,9,budget,41.76,0.576,0.0232,0.0001675772,66
3218,10,midrange,81.33,0.882,0.031,0.0001521106,145
3219,6,budget,9.43,0.371,0.0224,0.0005095991,107
3220,3,midrange,140.27,0.696,0.0221,0.0003954102,322
3221,12,budget,27.15,0.55,0.0242,0.0001559738,183
3222,1,budget,31.38,0.989,0.039,0.0003220003,262
3223,4,midrange,78.3,0.791,0.028,0.0002621373,214
3224,2,budget,51.38,0.258,0.0112,0.0003194966,332
3225,3,midrange,25.03,0.88,0.0361,0.0001767764,160
3226,11,budget,8.06,0.777,0.0373,0.0002190905,314
3227,11,budget,33.38,0.671,0.0276,0.000294434,327
3228,8,midrange,230.37,0.427,0.0105,0.0001740206,336
3229,2,midrange,74.79,0.362,0.0132,0.0002267391,253
3230,8,midrange,42.81,0.721,0.0282,0.0002281376,357
3231,7,budget,11.86,0.58,0.0288,0.0003159421,271
3232,12,budget,32.08,0.896,0.0356,0.0001725293,113
3233,11,midrange,118.72,0.447,0.0141,0.0005827769,57
3234,9,midrange,66.71,0.728,0.0265,0.0001524317,76
3235,9,midrange,35.55,0.437,0.0191,0.0001560068,209
3236,15,midrange,117.85,0.727,0.024,0.0001822707,60
3237,13,midrange,80.17,0.286,0.0102,0.0001859844,86
3238,9,budget,21.91,0.544,0.0249,0.0001682742,229
3239,9,midrange,111.9,0.38,0.012,0.0006206559,121
3240,1,budget,41.87,0.704,0.0277,0.0001605498,248
3241,15,budget,13.42,0.488,0.0251,0.0003221198,364
3242,6,midrange,100.88,0.829,0.0282,0.0002475187,32
3243,4,budget,30.72,0.336,0.0162,0.0001655464,234
3244,15,budget,24.76,0.667,0.0287,0.0001808036,299
3245,12,premium,1000.38,0.695,0.0132,0.0001556663,51
3246,1,midrange,72.13,0.267,0.01,0.0001687127,285
3247,1,midrange,58.27,0.277,0.0113,0.0003196048,185
3248,1,premium,118.14,0.481,0.0153,0.0002775851,229
3249,11,budget,22.89,0.707,0.0305,0.0001555006,18
3250,2,midrange,33.4,0.972,0.0381,0.0002644079,158
3251,15,budget,8.64,0.318,0.0209,0.0001542724,133
3252,15,budget,21.91,0.777,0.0331,0.0001601079,56
3253,11,budget,17.59,0.77,0.0338,0.0001564166,278
3254,11,budget,41.55,0.752,0.0294,0.0002020506,184
3255,4,budget,37.68,0.637,0.0259,0.0001584198,320
3256,1,budget,31.66,0.975,0.0384,0.000163674,58
3257,13,midrange,33.8,0.626,0.0259,0.0002135073,266
3258,3,budget,13.51,0.879,0.0387,0.0002781627,220
3259,2,budget,53.37,0.447,0.0177,0.0002305156,237
3260,5,premium,349.83,0.855,0.0235,0.0001654954,113
3261,1,midrange,112.5,0.997,0.0336,0.0034948693,252
3262,8,premium,570.74,0.933,0.0241,0.0001643189,90
3263,12,budget,11.02,0.478,0.0255,0.0001899779,278
3264,14,budget,17.17,0.885,0.0379,0.0001683987,160
3265,11,midrange,29.88,0.321,0.0158,0.0001723635,175
3266,14,midrange,17.9,0.758,0.0333,0.0002104651,211
3267,8,budget,15.67,0.507,0.0251,0.0005230117,30
3268,14,premium,131.93,0.744,0.024,0.0005256643,134
3269,10,midrange,65.54,0.559,0.0207,0.0001984853,74
3270,4,midrange,210.65,0.257,0.0049,0.0001732049,351
3271,15,budget,17.89,0.423,0.0216,0.0001818834,153
3272,4,midrange,191.49,0.282,0.0062,0.0002345872,2
3273,1,budget,17.54,0.57,0.0268,0.0001567324,9
3274,4,premium,137.22,0.88,0.0286,0.0003992018,333
3275,7,budget,9.38,0.803,0.0376,0.0001554216,57
3276,7,budget,41.89,0.842,0.0325,0.000247476,0
3277,10,budget,29.4,0.855,0.0346,0.0024399561,77
3278,14,midrange,137.05,0.529,0.0163,0.0001792262,79
3279,4,premium,300.41,0.63,0.0163,0.0002995779,29
3280,10,premium,835.34,0.631,0.0118,0.000293518,363
3281,7,midrange,116.61,0.335,0.0103,0.0002004747,21
3282,14,premium,1001.56,0.699,0.0134,0.0001580238,265
3283,3,midrange,16.81,0.79,0.0347,0.0001990085,305
3284,3,budget,33.0,0.708,0.0289,0.00019331,235
3285,9,midrange,73.47,0.809,0.0289,0.000202764,48
3286,12,budget,37.99,0.339,0.0154,0.0004643639,265
3287,13,budget,14.19,0.821,0.0365,0.0001662116,120
3288,11,budget,17.32,0.406,0.0211,0.000267513,149
3289,13,budget,9.77,0.908,0.0411,0.0002162147,91
3290,7,premium,822.68,0.434,0.005,0.00019948,286
3291,1,premium,170.23,0.619,0.0185,0.0007934449,211
3292,3,budget,13.06,0.615,0.0296,0.0003227414,56
3293,1,midrange,65.37,0.452,0.0169,0.0005882644,148
3294,6,budget,38.36,0.521,0.0217,0.0004151794,289
3295,9,budget,24.11,0.389,0.0191,0.0002412259,342
3296,7,budget,25.26,0.678,0.029,0.0002131023,342
3297,11,budget,14.76,0.935,0.0403,0.0005613666,49
3298,9,budget,35.2,0.487,0.0209,0.0001984712,313
3299,12,budget,27.31,0.631,0.027,0.0002847619,206
3300,12,budget,29.32,0.896,0.036,0.0002732948,269
3301,6,budget,45.15,0.589,0.0234,0.0001690368,140
3302,7,premium,390.42,0.873,0.0237,0.0001627023,237
3303,11,budget,8.19,0.585,0.0305,0.0001798487,94
3304,11,budget,21.83,0.58,0.0262,0.000320575,190
3305,5,midrange,31.24,0.368,0.0172,0.0004713517,82
3306,6,budget,13.36,0.344,0.02,0.0001527716,144
3307,12,budget,34.64,0.709,0.0287,0.000233305,148
3308,12,budget,16.87,0.871,0.0375,0.0002341736,315
3309,3,midrange,48.24,0.352,0.0148,0.0004233969,229
3310,8,midrange,284.27,0.933,0.0272,0.0002123541,236
3311,14,midrange,29.8,0.519,0.0227,0.0011361796,103
3312,1,midrange,19.93,0.569,0.0262,0.0002161562,158
3313,14,budget,6.67,0.921,0.0431,0.0011073341,172
3314,3,budget,7.93,0.922,0.0424,0.0001569232,286
3315,10,budget,37.58,0.644,0.0261,0.0002049001,67
3316,8,budget,46.51,0.458,0.0186,0.0001964573,19
3317,1,budget,17.9,0.379,0.02,0.0002230525,184
3318,14,budget,8.92,0.454,0.0256,0.0002612528,296
3319,9,midrange,97.79,0.835,0.0286,0.0001679562,267
3320,15,budget,8.44,0.493,0.0272,0.0001566707,295
3321,4,budget,35.43,0.771,0.0308,0.0001653829,143
3322,14,midrange,68.56,0.396,0.0148,0.0002067422,83
3323,15,budget,8.56,0.609,0.0312,0.0001716485,240
3324,11,midrange,111.4,0.514,0.0167,0.0003619733,13
3325,4,premium,971.97,0.628,0.011,0.0001796594,326
3326,12,premium,233.98,0.677,0.0191,0.0002538739,260
3327,11,budget,19.97,0.993,0.0411,0.0003235715,183
3328,15,budget,27.51,0.925,0.0373,0.0001981922,72
3329,8,midrange,44.48,0.772,0.0298,0.000188014,91
3330,4,midrange,45.71,0.365,0.0155,0.0001545233,363
3331,3,midrange,72.46,0.939,0.0335,0.0003607158,5
3332,12,budget,46.05,0.919,0.0348,0.0001894417,3
3333,15,budget,26.15,0.915,0.0372,0.0002084326,126
3334,1,budget,17.98,0.609,0.0281,0.0001685216,83
3335,13,budget,17.43,0.378,0.0201,0.0002673069,247
3336,15,budget,19.89,0.816,0.0349,0.0001792193,15
3337,2,premium,129.36,0.541,0.017,0.0002678408,286
3338,3,budget,10.77,0.508,0.0267,0.0001519747,285
3339,12,midrange,169.16,0.543,0.0159,0.0002224744,83
3340,12,premium,847.15,0.669,0.0131,0.0004342589,211
3341,1,budget,37.11,0.5,0.0211,0.0002012819,245
3342,14,midrange,24.87,0.767,0.0322,0.0002959192,309
3343,10,midrange,88.18,0.736,0.0255,0.0002360393,267
3344,14,budget,17.32,0.632,0.029,0.000192603,351
3345,14,budget,8.14,0.29,0.0202,0.0002316396,42
3346,14,midrange,27.65,0.952,0.0382,0.000254707,222
3347,10,midrange,161.74,0.559,0.0166,0.0003940923,282
3348,4,midrange,130.84,0.587,0.0186,0.0001946027,84
3349,10,premium,697.94,0.592,0.0112,0.0002363066,79
3350,3,budget,8.3,0.524,0.0283,0.0001622427,33
3351,12,midrange,71.25,0.756,0.0272,0.000225236,359
3352,3,midrange,16.99,0.26,0.0161,0.0010426114,316
3353,10,midrange,38.6,0.905,0.0351,0.0002351547,44
3354,1,midrange,59.61,0.327,0.013,0.0001591583,89
3355,4,midrange,59.04,1.0,0.0366,0.0001706327,167
3356,4,premium,1641.21,0.721,0.0119,0.0002551539,326
3357,11,budget,14.35,0.3,0.0182,0.0001799205,301
3358,13,midrange,18.97,0.672,0.03,0.0001712516,320
3359,1,budget,5.94,0.498,0.0287,0.0002646422,302
3360,14,midrange,87.49,0.965,0.0336,0.0002656386,229
3361,14,midrange,25.91,0.817,0.0338,0.0020269189,106
3362,7,midrange,32.3,0.63,0.0263,0.0001648195,220
3363,12,budget,16.49,0.572,0.0272,0.0002142999,180
3364,8,budget,16.58,0.997,0.042,0.0001679378,347
3365,3,budget,16.78,0.751,0.0333,0.0002399202,163
3366,10,budget,23.16,0.635,0.0279,0.0002039776,275
3367,2,budget,9.38,0.548,0.0287,0.00018666,63
3368,14,premium,610.75,0.493,0.0084,0.0002735933,249
3369,15,budget,19.31,0.779,0.0337,0.0002929788,165
3370,14,premium,389.25,0.691,0.0173,0.0001727238,159
3371,11,budget,5.6,0.886,0.0425,0.0001741197,275
3372,11,midrange,73.28,0.665,0.0239,0.000168912,176
3373,15,midrange,50.81,0.687,0.0263,0.0001879685,21
3374,4,midrange,88.59,0.608,0.0211,0.0003044347,141
3375,2,midrange,48.05,0.822,0.0313,0.0001659565,351
3376,11,midrange,165.17,0.561,0.0166,0.0001534935,345
3377,6,premium,234.4,0.889,0.0265,0.0007924035,224
3378,6,midrange,212.89,0.495,0.0132,0.0001923213,232
3379,1,budget,36.41,0.769,0.0306,0.0001520988,95
3380,11,budget,12.97,0.92,0.0403,0.0003804647,284
3381,4,midrange,58.31,0.827,0.0306,0.0001609702,218
3382,3,budget,10.44,0.507,0.0268,0.0003488953,13
3383,1,midrange,167.83,0.78,0.0242,0.0002240622,346
3384,7,midrange,83.28,0.405,0.0142,0.0002392853,311
3385,14,budget,15.98,0.294,0.0175,0.000371431,29
3386,6,midrange,31.0,0.844,0.0339,0.0001878699,152
3387,12,midrange,150.76,0.856,0.0274,0.0001530437,271
3388,13,midrange,18.98,0.267,0.0159,0.0001883454,269
3389,6,midrange,31.76,0.961,0.0379,0.0001745003,61
3390,14,premium,163.03,0.584,0.0175,0.0002270994,14
3391,12,midrange,66.57,0.929,0.0336,0.0002869011,359
3392,11,premium,846.47,0.841,0.0191,0.0003401421,326
3393,1,budget,28.14,0.925,0.0372,0.0002546661,269
3394,1,midrange,29.47,0.875,0.0353,0.0001782282,240
3395,15,midrange,61.82,0.98,0.0357,0.0003812026,250
3396,13,budget,22.81,0.722,0.031,0.0004758347,166
3397,15,budget,23.68,0.42,0.0203,0.0001560136,249
3398,14,midrange,26.08,0.542,0.0241,0.000405284,110
3399,1,budget,12.72,0.814,0.0367,0.0002431272,30
3400,13,premium,359.49,0.368,0.0064,0.0002054311,113
3401,9,budget,66.25,0.947,0.0342,0.0005329859,107
3402,13,budget,17.97,0.404,0.0209,0.0001646779,110
3403,1,midrange,19.78,0.907,0.0381,0.0002310468,171
3404,4,budget,37.13,0.613,0.0251,0.0002260203,47
3405,13,budget,7.85,0.88,0.041,0.0001586864,148
3406,13,midrange,104.97,0.969,0.0329,0.0002099451,169
3407,11,midrange,43.01,0.567,0.0228,0.0001739767,68
3408,4,budget,13.41,0.772,0.035,0.0001744517,165
3409,5,midrange,73.73,0.42,0.0153,0.0002853877,246
3410,15,midrange,47.82,0.851,0.0323,0.0002169556,150
3411,8,midrange,54.52,0.865,0.0322,0.0002008695,0
3412,8,budget,30.92,0.471,0.0209,0.0008367647,256
3413,11,budget,26.05,0.268,0.0145,0.000161901,211
3414,8,premium,1270.58,0.573,0.0079,0.0001559131,153
3415,11,midrange,44.33,0.378,0.016,0.0005311811,8
3416,8,budget,11.15,0.864,0.039,0.0001685108,32
3417,14,midrange,51.49,0.446,0.0178,0.0002491585,28
3418,14,budget,12.78,0.958,0.0417,0.0004275027,311
3419,15,midrange,42.08,0.979,0.0373,0.0002002674,112
3420,11,midrange,132.55,0.932,0.0306,0.000184024,155
3421,8,premium,1822.16,0.7,0.0107,0.0001723123,254
3422,12,premium,120.41,0.451,0.0142,0.0001602043,239
3423,14,budget,26.5,0.855,0.035,0.0001686945,23
3424,11,midrange,76.46,0.776,0.0276,0.0002222286,339
3425,12,budget,11.89,0.983,0.0429,0.0002121709,96
3426,13,midrange,63.74,0.533,0.0199,0.0001872802,280
3427,12,midrange,31.04,0.294,0.0147,0.0001819199,303
3428,13,budget,5.45,0.999,0.0466,0.0001554011,196
3429,4,budget,66.39,0.879,0.0318,0.0002938447,59
3430,9,budget,33.61,0.416,0.0186,0.0001628924,198
3431,11,budget,9.25,0.794,0.0373,0.0005922047,89
3432,1,budget,14.18,0.251,0.0165,0.0001560449,310
3433,14,premium,937.28,0.668,0.0126,0.000242778,275
3434,11,budget,13.44,0.522,0.0263,0.0001678704,300
3435,3,midrange,116.78,0.536,0.0173,0.0001604251,302
3436,14,midrange,119.93,0.433,0.0136,0.000161082,65
3437,12,midrange,49.85,0.456,0.0183,0.0002410951,11
3438,13,budget,19.25,0.591,0.0271,0.0003813418,228
3439,7,premium,532.44,0.436,0.007,0.0007234447,224
3440,14,midrange,96.78,0.6,0.0204,0.0004755302,315
3441,8,midrange,72.56,0.683,0.0246,0.00026119,232
3442,11,premium,95.33,0.783,0.0269,0.0011293428,293
3443,1,midrange,27.8,0.758,0.0314,0.0004312102,127
3444,12,midrange,90.69,0.431,0.0148,0.0003597203,45
3445,12,premium,784.13,0.279,0.002,0.0002678491,13
3446,11,budget,25.47,0.875,0.0359,0.0002563828,159
3447,9,midrange,112.05,0.904,0.0304,0.0002398253,0
3448,14,budget,6.33,0.984,0.0455,0.0003477991,189
3449,12,budget,7.27,0.97,0.0444,0.0001577754,146
3450,4,midrange,166.72,0.725,0.0223,0.0001609936,94
3451,15,budget,24.77,0.921,0.0376,0.000349326,215
3452,12,premium,799.74,0.586,0.0104,0.0002568207,248
3453,15,budget,11.37,0.841,0.0381,0.0001813871,14
3454,15,midrange,66.81,0.967,0.0349,0.0002666546,173
3455,14,budget,33.99,0.847,0.0337,0.0002009087,342
3456,13,premium,110.81,0.562,0.0184,0.0001563791,108
3457,11,budget,6.28,0.533,0.0297,0.0001969197,285
3458,3,budget,18.08,0.469,0.0231,0.0002147832,122
3459,11,budget,18.39,0.525,0.025,0.0002468104,99
3460,13,midrange,127.88,0.865,0.0284,0.000422455,312
3461,10,premium,1366.14,0.776,0.0147,0.0001527186,130
3462,14,premium,557.36,0.437,0.0068,0.0002345535,316
3463,3,budget,5.04,0.784,0.0393,0.0001569075,238
3464,7,budget,16.89,0.535,0.0257,0.0001779438,296
3465,10,budget,52.95,0.668,0.0254,0.000181712,297
3466,8,midrange,84.2,0.528,0.0185,0.0010539233,333
3467,3,midrange,133.74,0.641,0.0204,0.0002099366,202
3468,3,budget,18.04,0.797,0.0346,0.000178754,347
3469,14,midrange,22.61,0.798,0.0337,0.0001737256,21
3470,9,premium,523.05,0.815,0.0203,0.0001541503,179
3471,1,budget,23.26,0.543,0.0247,0.0001849382,144
3472,1,budget,6.53,0.768,0.0378,0.0001814912,35
3473,9,budget,18.67,0.429,0.0216,0.0001898974,318
3474,3,budget,20.55,0.608,0.0275,0.0001976473,292
3475,12,budget,9.63,0.687,0.0334,0.0001973349,273
3476,13,midrange,33.94,0.765,0.0308,0.0001691491,231
3477,4,budget,36.01,0.934,0.0364,0.000163313,219
3478,11,midrange,101.7,0.479,0.0159,0.0001765861,138
3479,3,premium,278.38,0.884,0.0256,0.0006594311,249
3480,5,premium,1414.91,0.483,0.0043,0.0003238694,356
3481,14,midrange,135.79,0.664,0.0211,0.0001811128,91
3482,11,budget,14.41,0.871,0.0382,0.0002922548,123
3483,14,budget,7.37,0.792,0.0382,0.0001621654,39
3484,4,budget,42.57,0.897,0.0344,0.0001834149,331
3485,6,premium,241.98,0.861,0.0254,0.000369158,193
3486,9,premium,1240.97,0.457,0.0039,0.0001739648,216
3487,9,budget,30.43,0.995,0.0393,0.0002968728,97
3488,15,budget,18.12,0.953,0.0401,0.0002265335,13
3489,3,budget,14.86,0.573,0.0276,0.0001972455,293
3490,14,budget,15.6,0.285,0.0173,0.0002442642,314
3491,14,premium,877.7,0.478,0.0062,0.0006281585,124
3492,11,budget,8.55,0.877,0.0405,0.0002312532,278
3493,7,budget,41.62,0.963,0.0368,0.0002339572,208
3494,10,budget,9.27,0.874,0.0401,0.0002889714,234
3495,4,budget,42.25,0.548,0.0222,0.000186121,63
3496,14,budget,34.02,0.292,0.0142,0.0002194021,224
3497,9,midrange,73.87,0.638,0.0229,0.0001774316,58
3498,15,budget,9.49,0.532,0.0281,0.0001932545,79
3499,11,midrange,108.42,0.342,0.0108,0.0002717412,130
3500,10,budget,47.56,0.329,0.0141,0.0001957243,78
